Account,Source Account,Text,Time,Compound Score,Positive Score,Negative Score,Neutral Score,Tweets Ago
BBC News (World),-,The robots taking on your housework https://t.co/i1LCEz2ppN,2018-06-04 20:51:55-05:00,0.0,0.0,0.0,1.0,1
BBC News (World),-,Early Van Gogh landscape sells for ‚Ç¨7m at French auction https://t.co/M7Skbpbkin,2018-06-04 20:42:45-05:00,0.0,0.0,0.0,1.0,2
BBC News (World),-,Georgia officer fired for hitting suspect with patrol car https://t.co/8aNKahkZ6H,2018-06-04 20:28:59-05:00,-0.7003,0.0,0.42,0.58,3
BBC News (World),-,Could a text message save thousands of fishermen's lives? https://t.co/mExwAf6xeB,2018-06-04 20:26:30-05:00,0.4939,0.286,0.0,0.714,4
BBC News (World),-,Henri van Breda: Axe murderer transfixes South Africa https://t.co/O1dNCMtV3L,2018-06-04 20:21:33-05:00,-0.7184,0.0,0.462,0.538,5
BBC News (World),-,Europe and nationalism: A country-by-country guide https://t.co/qmWHG9z70Y,2018-06-04 20:16:48-05:00,0.0,0.0,0.0,1.0,6
BBC News (World),-,Trump drops Philadelphia Eagles White House invite over anthem protest https://t.co/obgA2oEFfx,2018-06-04 19:48:55-05:00,-0.1027,0.127,0.159,0.714,7
BBC News (World),-,Swimmer Ben Lecomte begins record Pacific crossing attempt https://t.co/hizUqNTrJf,2018-06-04 19:33:12-05:00,0.0,0.0,0.0,1.0,8
BBC News (World),-,Guatemala volcano: Deadly Fuego eruption caught on video https://t.co/26NcA7c5TE,2018-06-04 19:01:36-05:00,0.0,0.0,0.0,1.0,9
BBC News (World),-,Pakistan's soaring rates of 'diabetic foot' https://t.co/0wuN4VOWCK,2018-06-04 18:59:22-05:00,0.0,0.0,0.0,1.0,10
BBC News (World),-,Is Kyary Pamyu Pamyu Japan's Lady Gaga? https://t.co/wiwhaLi2hw,2018-06-04 18:43:23-05:00,0.0,0.0,0.0,1.0,11
BBC News (World),-,Qatar cash and cows help buck Gulf boycott https://t.co/84PpHofoEx,2018-06-04 18:24:51-05:00,0.1027,0.225,0.192,0.583,12
BBC News (World),-,Robert Kennedy: What if US presidential hopeful had not been killed? https://t.co/hwBXdc9ZGy,2018-06-04 18:08:49-05:00,0.7839,0.408,0.0,0.592,13
BBC News (World),-,Why do we love to dance with each other? https://t.co/j7k19CeLYz,2018-06-04 18:08:49-05:00,0.6369,0.318,0.0,0.682,14
BBC News (World),-,Are presidential pardons Trump's secret weapon? https://t.co/yBq5C9ams2,2018-06-04 18:06:29-05:00,0.0,0.234,0.234,0.532,15
BBC News (World),-,Ron Rockwell Hansen: US arrests man for trying to spy for China https://t.co/Iw8IlxeL6B,2018-06-04 17:10:13-05:00,-0.4404,0.0,0.195,0.805,16
BBC News (World),-,Putin says Russia not aiming to divide EU https://t.co/pIr83FStfl,2018-06-04 16:51:42-05:00,0.0,0.0,0.0,1.0,17
BBC News (World),-,Apple jams Facebook's web-tracking tools https://t.co/G0AsTYigTw,2018-06-04 16:25:57-05:00,0.0,0.0,0.0,1.0,18
BBC News (World),-,Starbucks boss leaves firm after 36 years https://t.co/KcUakTkvFd,2018-06-04 16:21:20-05:00,0.0,0.0,0.0,1.0,19
BBC News (World),-,Dinosaur skeleton sold to private buyer for ‚Ç¨1.6m at Paris auction https://t.co/ereUQ8ooxf,2018-06-04 16:06:55-05:00,0.0,0.0,0.0,1.0,20
BBC News (World),-,Guatemala Fuego: Search after deadly volcano eruption https://t.co/s6CY92KccW,2018-06-04 16:04:15-05:00,0.0,0.0,0.0,1.0,21
BBC News (World),-,Maine man killed in hit-and-run ran over a girl in 1968 https://t.co/isZY3dMWkr,2018-06-04 14:16:00-05:00,-0.6705,0.0,0.31,0.69,22
BBC News (World),-,Russia puts a smile on Kim Jong-un's face https://t.co/CmvaJ3ijnC,2018-06-04 13:59:41-05:00,0.3612,0.263,0.0,0.737,23
BBC News (World),-,Denmark backs fence on German border to keep out wild boar https://t.co/3Zf8IeXahF,2018-06-04 13:59:41-05:00,-0.0516,0.0,0.098,0.902,24
BBC News (World),-,Tunisia migrant shipwreck death toll reaches 112 https://t.co/Rnj6nvZOe5,2018-06-04 13:47:47-05:00,-0.5719,0.108,0.351,0.541,25
BBC News (World),-,Italians shocked by man's selfie after train accident in Piacenza https://t.co/BpE2CVICYE,2018-06-04 11:32:02-05:00,-0.6597,0.0,0.375,0.625,26
BBC News (World),-,'Remarkable' therapy beats terminal breast cancer https://t.co/E21jrB3cvI,2018-06-04 11:07:02-05:00,-0.6597,0.0,0.423,0.577,27
BBC News (World),-,Bill Clinton: 'Monica Lewinsky affair was dealt with correctly' https://t.co/af8osnTCU5,2018-06-04 10:23:48-05:00,0.0,0.0,0.0,1.0,28
BBC News (World),-,Salah tackle turns up in Syrian law school exam https://t.co/i1u6fy1OG8,2018-06-04 10:09:54-05:00,0.0,0.0,0.0,1.0,29
BBC News (World),-,Texas woman shot her husband for 'beating the family cat' https://t.co/iJT7VRGsXe,2018-06-04 09:57:19-05:00,-0.4588,0.0,0.231,0.769,30
BBC News (World),-,US Supreme Court finds against gay couple https://t.co/3Qqjzk7D4W,2018-06-04 09:40:34-05:00,0.5574,0.34,0.0,0.66,31
BBC News (World),BBC Sport,"RT @BBCSport: üíî

Pain she's never felt before - a cruel way for Serena Williams to bow out of the #FrenchOpen 

Full story: https://t.co/ti‚Ä¶",2018-06-04 09:35:24-05:00,-0.5152,0.104,0.217,0.679,32
BBC News (World),BBC_HaveYourSay,RT @BBC_HaveYourSay: Ways to put a smile on North Korean leader Kim Jong-un's face: https://t.co/QuO3PSGGTs,2018-06-04 08:54:43-05:00,0.3612,0.161,0.0,0.839,33
BBC News (World),-,Dancing off-duty FBI agent drops gun performing backflip and accidentally shoots man in leg‚Ä¶ https://t.co/xwOpZr31UV,2018-06-04 08:46:20-05:00,-0.5859,0.0,0.27,0.73,34
BBC News (World),-,Trump: I have 'absolute right' to pardon myself https://t.co/ecMBTzQwb7,2018-06-04 08:38:30-05:00,0.3182,0.247,0.0,0.753,35
BBC News (World),BBC Sport,"RT @BBCSport: Serena Williams has pulled out of the #FrenchOpen before her match with Maria Sharapova.

üëâ https://t.co/VE8EDezbjV #bbctenni‚Ä¶",2018-06-04 08:24:10-05:00,0.0,0.0,0.0,1.0,36
BBC News (World),-,Apple Watch use at lights leads to fine for student https://t.co/wL6fR4ZYjI,2018-06-04 08:14:45-05:00,0.2023,0.153,0.0,0.847,37
BBC News (World),-,Top Macron aide Alexis Kohler faces French corruption inquiry https://t.co/YAQ5xZQffp,2018-06-04 08:05:23-05:00,0.2023,0.167,0.0,0.833,38
BBC News (World),BBC News (UK),"RT @BBCNews: Meet the devoted husband who had make-up lessons to help his wife after her sight started to deteriorate ‚ù§Ô∏èüíÑ

https://t.co/bv7‚Ä¶",2018-06-04 07:46:19-05:00,0.6597,0.213,0.0,0.787,39
BBC News (World),-,New Zealand sex work activist Catherine Healy made a dame https://t.co/09HnaRNnYA,2018-06-04 07:28:26-05:00,0.0,0.0,0.0,1.0,40
BBC News (World),-,Tunisia footballer 'fakes injury' to break Ramadan fast https://t.co/pFGLDzf4S6,2018-06-04 07:28:26-05:00,-0.6808,0.0,0.444,0.556,41
BBC News (World),-,Japan's finance minister returns salary over land scandal https://t.co/uG3lYd0f9G,2018-06-04 07:28:26-05:00,-0.4404,0.0,0.266,0.734,42
BBC News (World),BBC Sport,"RT @BBCSport: Vincent Kompany is in, but Christian Benteke missed out on a place in Belgium's World Cup squad.

üëâ https://t.co/CoLJsn56Wm h‚Ä¶",2018-06-04 07:17:13-05:00,-0.4215,0.0,0.109,0.891,43
BBC News (World),-,Facebook protests NYT's privacy breach claim https://t.co/EkHSrBRYrX,2018-06-04 06:58:25-05:00,-0.2263,0.0,0.241,0.759,44
BBC News (World),-,FBI agent accidentally shoots customer in leg during backflip move https://t.co/sSOlZVYozc,2018-06-04 06:37:48-05:00,-0.34,0.0,0.194,0.806,45
BBC News (World),BBC Breaking News,RT @BBCBreaking: Jordan's Prime Minister Hani Mulki resigns after several days of protests against tax rises and austerity measures https:/‚Ä¶,2018-06-04 06:37:46-05:00,-0.4939,0.0,0.189,0.811,46
BBC News (World),BBC Sport,"RT @BBCSport: Mohamed Salah has been named in Egypt's final 23-man squad despite his shoulder injury.

https://t.co/Knpv2Udauu https://t.co‚Ä¶",2018-06-04 06:33:26-05:00,0.3252,0.121,0.0,0.879,47
BBC News (World),-,"One is a former US president, the other is a bestselling author

@BillClinton and @JP_Books team up for thriller ab‚Ä¶ https://t.co/X2Fl2XdR7P",2018-06-04 06:21:34-05:00,0.1027,0.072,0.0,0.928,48
BBC News (World),-,"""I think my family was buried""

Survivor explains how she escaped Guatemala's most violent volcano eruption for mor‚Ä¶ https://t.co/wYPJcdh0Vf",2018-06-04 05:58:01-05:00,-0.4005,0.106,0.177,0.718,49
BBC News (World),-,India's 'dancing uncle' who shot to viral fame https://t.co/PTADnjMGna,2018-06-04 05:37:33-05:00,0.4404,0.266,0.0,0.734,50
BBC News (World),BBC World Service,RT @bbcworldservice: It's the most violent eruption of Guatemala‚Äôs Fuego volcano in more than 40 years. https://t.co/pYv3IYJep3,2018-06-04 05:35:35-05:00,-0.6361,0.0,0.208,0.792,51
BBC News (World),-,West Ham manager Pellegrini 'mugged at gunpoint' in Chile https://t.co/JjS7sGFItI,2018-06-04 05:25:46-05:00,0.0,0.0,0.0,1.0,52
BBC News (World),-,GM settles self-driving legal action with California biker https://t.co/jXJzvMMamN,2018-06-04 05:23:14-05:00,0.128,0.158,0.0,0.842,53
BBC News (World),-,New Zealand hire bike found down volcano crater https://t.co/fkuJDJ5HVb,2018-06-04 05:13:46-05:00,0.0,0.0,0.0,1.0,54
BBC News (World),-,German anger over AfD chief's 'Nazi era just bird poo' remark https://t.co/XFVVbQAbEK,2018-06-04 05:08:54-05:00,-0.5719,0.0,0.252,0.748,55
BBC News (World),-,Does Jurassic Park make scientific sense? https://t.co/kl5LjqTQfy,2018-06-04 05:02:03-05:00,0.0,0.0,0.0,1.0,56
BBC News (World),-,"Richard Grenell, US envoy to Germany, wants to 'empower' Europe's right https://t.co/zBaYI2JTIL",2018-06-04 04:41:16-05:00,0.0,0.0,0.0,1.0,57
BBC News (World),BBC Business,"RT @BBCBusiness: ""When it's ticking for the first time, it's magic"". How has Philippe Dufour managed to keep the Swiss tradition of watch m‚Ä¶",2018-06-04 04:24:49-05:00,0.0,0.0,0.0,1.0,58
BBC News (World),-,Airlines slash profit forecast over rising costs https://t.co/GXXDl1NP0s,2018-06-04 03:30:27-05:00,0.2023,0.264,0.191,0.545,59
BBC News (World),-,Why Bill Clinton has written a thriller novel with James Patterson https://t.co/HWiz2tukM7,2018-06-04 03:00:18-05:00,0.4019,0.291,0.0,0.709,60
BBC News (World),-,Philippine President Duterte condemned for kissing overseas worker https://t.co/nHu5cyxzpZ,2018-06-04 02:55:42-05:00,0.2023,0.272,0.213,0.515,61
BBC News (World),Sally Bundock,RT @SallyBundockBBC: Check out this new tech to counter food waste - how much do you throw away? Are you changing your behaviour to cut dow‚Ä¶,2018-06-04 02:17:55-05:00,-0.5994,0.0,0.176,0.824,62
BBC News (World),-,Colourism: Do light-skinned black women have it easier in showbiz? https://t.co/JrSURgL4St,2018-06-04 01:26:53-05:00,0.4215,0.219,0.0,0.781,63
BBC News (World),-,Volcano survivor says her family was buried https://t.co/kQuJ0Vcdlh,2018-06-03 23:12:41-05:00,0.3612,0.263,0.0,0.737,64
BBC News (World),-,Australian bank offers to pay record fine https://t.co/X54adKAeIy,2018-06-03 19:51:09-05:00,0.1027,0.196,0.152,0.652,65
BBC News (World),-,How to inspect a nuclear energy site https://t.co/zA7yYzF0nu,2018-06-03 18:48:56-05:00,0.2732,0.259,0.0,0.741,66
BBC News (World),-,Guatemala volcano: Several dead as Fuego volcano erupts https://t.co/EKlhDpygr3,2018-06-03 18:44:28-05:00,-0.6486,0.0,0.35,0.65,67
BBC News (World),-,Shipwrecks: Who owns the treasure hidden under the sea? https://t.co/Z42CdGcIiu,2018-06-03 18:37:34-05:00,0.296,0.196,0.0,0.804,68
BBC News (World),-,Gender inequality: The simple promise that could get more women into power https://t.co/kR7eklV2Gd,2018-06-03 18:37:34-05:00,0.3182,0.161,0.0,0.839,69
BBC News (World),-,World Cup 2018: The volunteer who wants his city cleaner for the championship https://t.co/6wAOJGP9E1,2018-06-03 18:14:51-05:00,0.5574,0.277,0.0,0.723,70
BBC News (World),-,My 84-year-old husband now does my make-up https://t.co/yB5hq7Opbm,2018-06-03 18:12:35-05:00,0.0,0.0,0.0,1.0,71
BBC News (World),-,Why South African children are drowning in toilets https://t.co/MM85mjFJo0,2018-06-03 18:12:34-05:00,0.0,0.0,0.0,1.0,72
BBC News (World),-,The Swiss master watchmaker running out of time https://t.co/yvy00oJpVp,2018-06-03 18:12:34-05:00,0.0,0.0,0.0,1.0,73
BBC News (World),-,'I was looking for my mother but found my twin instead' https://t.co/jb8mzMl6IH,2018-06-03 18:10:15-05:00,0.0,0.0,0.0,1.0,74
BBC News (World),-,San Diego marathon: 'Active shooter arrested' https://t.co/oZMq4ZQDCS,2018-06-03 15:32:04-05:00,-0.1027,0.25,0.287,0.463,75
BBC News (World),-,Dancing FBI agent drops gun during backflip and shoots man in leg https://t.co/Wpiw9CMX2B,2018-06-03 14:45:40-05:00,-0.34,0.0,0.167,0.833,76
BBC News (World),-,Slovenia election: Anti-immigrant SDS party leads - exit poll https://t.co/QCFVDlM4Hw,2018-06-03 13:11:52-05:00,0.4019,0.252,0.0,0.748,77
BBC News (World),-,Soyuz space capsule brings ISS crew back after five month mission https://t.co/KJydJK6Igo,2018-06-03 11:45:10-05:00,0.0,0.0,0.0,1.0,78
BBC News (World),-,"Trump 'could pardon himself over Russia but won't', says Giuliani https://t.co/ZGtVUwqhSl",2018-06-03 11:25:39-05:00,0.1655,0.142,0.0,0.858,79
BBC News (World),-,Tunisia boat capsizes killing dozens of migrants https://t.co/sqaXVR8Hno,2018-06-03 10:36:34-05:00,-0.6597,0.0,0.386,0.614,80
BBC News (World),BBC Breaking News,"RT @BBCBreaking: A minute's silence falls across the UK as the victims of the #LondonBridge terror attack are remembered, one year on 

htt‚Ä¶",2018-06-03 10:33:34-05:00,-0.8316,0.0,0.317,0.683,81
BBC News (World),-,'Shooting incident' at Berlin Cathedral https://t.co/qnqbZA2NFw,2018-06-03 10:15:46-05:00,0.0,0.0,0.0,1.0,82
BBC News (World),-,Italy migrants: Matteo Salvini calls for end to Sicily 'refugee camp' https://t.co/6IvAL3iYkI,2018-06-03 09:14:09-05:00,0.0,0.0,0.0,1.0,83
BBC News (World),-,Nigeria: Dozens killed by cattle thieves in Zamfara state https://t.co/MJ3VYheo4n,2018-06-03 08:06:34-05:00,-0.8316,0.0,0.494,0.506,84
BBC News (World),-,Syria's President Assad 'to visit North Korea' https://t.co/3nXJeObtwf,2018-06-03 08:04:19-05:00,0.0,0.0,0.0,1.0,85
BBC News (World),-,"""If you have 80 plastic bags in your stomach, you die"", said one marine biologist 

https://t.co/YM9rZn3Up6",2018-06-03 07:26:35-05:00,0.0,0.0,0.0,1.0,86
BBC News (World),-,Tanzanian conjoined twins Maria and Consolata die aged 22 https://t.co/rjRH1yo9b8,2018-06-03 06:34:56-05:00,-0.5994,0.0,0.302,0.698,87
BBC News (World),BBC News (UK),"RT @BBCNews: #LondonBridge: Spanish hero's dad pays tribute to son, who lost his life taking on attackers 

https://t.co/fSp0LYnQr7 https:/‚Ä¶",2018-06-03 06:13:29-05:00,-0.7184,0.0,0.261,0.739,88
BBC News (World),-,China warns US sanctions will void trade talks https://t.co/phUY7BngHb,2018-06-03 04:30:13-05:00,-0.1027,0.0,0.149,0.851,89
BBC News (World),BBC Business,RT @BBCBusiness: Jordanians in third night of tax rise protests https://t.co/WDGsu69AkZ,2018-06-03 03:01:27-05:00,-0.2263,0.0,0.16,0.84,90
BBC News (World),-,Crafty crayfish removes own claw to escape China hotpot https://t.co/769fJGA0OA,2018-06-03 02:29:52-05:00,0.1779,0.159,0.0,0.841,91
BBC News (World),-,Yosemite El Capitan: Two climbers fall to death https://t.co/RFQRT04NeJ,2018-06-03 01:45:51-05:00,-0.5994,0.0,0.328,0.672,92
BBC News (World),-,How I found my biological mother https://t.co/OaqSV3giXa,2018-06-03 00:44:02-05:00,0.0,0.0,0.0,1.0,93
BBC News (World),-,Venezuela frees 40 jailed activists and politicians https://t.co/FUzDavdvlV,2018-06-02 22:53:20-05:00,-0.25,0.193,0.281,0.526,94
BBC News (World),-,PC Sorcar: India's 'maharajah of magic' who terrified the UK https://t.co/u7PAOQquYW,2018-06-02 20:50:16-05:00,-0.6124,0.0,0.286,0.714,95
BBC News (World),-,Nicaragua police end church siege after day of terror in Masaya https://t.co/Ny6PmB4y2W,2018-06-02 19:56:42-05:00,-0.5267,0.0,0.236,0.764,96
BBC News (World),-,The secrets of a diary written on castle floorboards https://t.co/EJ0JZlSDtd,2018-06-02 19:28:20-05:00,0.0,0.0,0.0,1.0,97
BBC News (World),-,North Korea‚Äôs human rights: What Trump and Kim won't talk about https://t.co/GKRaISuNPa,2018-06-02 19:28:20-05:00,0.0,0.0,0.0,1.0,98
BBC News (World),-,Tomorrow's Cities: How Barcelona shushed noise-makers with sensors https://t.co/GxxzTaFPHU,2018-06-02 19:28:20-05:00,0.0,0.0,0.0,1.0,99
BBC News (World),-,Jordanians in third night of tax rise protests https://t.co/BMSkk2cuLD,2018-06-02 18:48:57-05:00,-0.2263,0.0,0.192,0.808,100
CBS News,-,Societe Generale plead guilty to charges including bribery and interest rate manipulation. Fines imposed in the U.S‚Ä¶ https://t.co/IdJMptICEh,2018-06-04 21:29:31-05:00,-0.5267,0.123,0.344,0.533,1
CBS News,-,"On Monday morning, Pres. Trump tweeted that ""it‚Äôs the ‚Äúbest economy &amp; jobs EVER""‚Äî but compared to the postwar boom,‚Ä¶ https://t.co/fQ0OGp3gTU",2018-06-04 21:10:01-05:00,0.0,0.0,0.0,1.0,2
CBS News,-,"Ronald Reagan would be ""pretty horrified at where we've come to,"" his daughter writes in Washington Post opinion pi‚Ä¶ https://t.co/kIFobhAGHG",2018-06-04 20:49:47-05:00,-0.0772,0.13,0.142,0.729,3
CBS News,-,"Ben Rhodes served as President Obama's deputy national security advisor. Tonight he told ""Red &amp; Blue"" that ""he woul‚Ä¶ https://t.co/vnX3aZF6NL",2018-06-04 20:49:14-05:00,0.34,0.112,0.0,0.888,4
CBS News,-,"'Senioritis' usually involves ditching a class or two. Roland Martineau, served in World War II and waited 76 years‚Ä¶ https://t.co/4p6o8heo0y",2018-06-04 20:30:08-05:00,-0.5994,0.0,0.178,0.822,5
CBS News,-,Authorities in Tennessee are searching for a man accused of savagely murdering his former boss in broad daylight.‚Ä¶ https://t.co/iMsFg495Lm,2018-06-04 20:09:32-05:00,-0.8658,0.0,0.393,0.607,6
CBS News,-,"""This is not zero tolerance. This is zero humanity."" Senator Jeff Merkley (D-OR) tried to visit an immigration dete‚Ä¶ https://t.co/XQGv24HvIl",2018-06-04 19:49:45-05:00,-0.2235,0.0,0.09,0.91,7
CBS News,-,"There are over 5,000 Gold Star children in America who have lost a loved one in the military. At the Good Grief Cam‚Ä¶ https://t.co/QoHsyHpxM6",2018-06-04 19:30:01-05:00,0.3182,0.217,0.176,0.607,8
CBS News,-,A Georgia woman received a 20 year prison sentence for the sexual enslavement of her kindergarten-age daughters for‚Ä¶ https://t.co/br1v5wHwKT,2018-06-04 19:09:33-05:00,-0.4588,0.066,0.168,0.765,9
CBS News,-,"""It was either me or them"": No charges for Memphis who out-gunned a pair of armed intruders with his AK-47‚Ä¶ https://t.co/HbbtSrlbCC",2018-06-04 18:50:01-05:00,-0.5106,0.0,0.193,0.807,10
CBS News,-,Texas teen hospitalized for five days after being diagnosed with a life-threatening disease caused by working out t‚Ä¶ https://t.co/VeVm9XM9nC,2018-06-04 18:09:46-05:00,0.0,0.0,0.0,1.0,11
CBS News,-,Photo of firefighter cradling little girl after car accident goes viral https://t.co/7yWebA9IXy https://t.co/n1Kk8W9Tlb,2018-06-04 17:49:56-05:00,-0.4767,0.0,0.205,0.795,12
CBS News,-,Societe Generale plead guilty to charges including bribery and interest rate manipulation. Fines imposed in the U.S‚Ä¶ https://t.co/hm7nzdjHEF,2018-06-04 17:29:52-05:00,-0.5267,0.123,0.344,0.533,13
CBS News,-,"Feral peacocks in Canada are attacking luxury cars after seeing their own reflections. And now, frustrated resident‚Ä¶ https://t.co/oFD8IGqDhH",2018-06-04 17:09:44-05:00,-0.7506,0.0,0.286,0.714,14
CBS News,-,Dead baby found floating off Florida coast no more than 14 days old https://t.co/zlHLZukvsI https://t.co/HEfjGvW1k9,2018-06-04 17:00:02-05:00,-0.7579,0.0,0.333,0.667,15
CBS News,-,"Ronald Reagan would be ""pretty horrified at where we've come to,"" his daughter writes in Washington Post opinion pi‚Ä¶ https://t.co/tTyCTbCiHB",2018-06-04 16:53:27-05:00,-0.0772,0.13,0.142,0.729,16
CBS News,-,"President Trump ""hasn't done anything wrong,"" @PressSec repeatedly says to reporters, as she fields questions durin‚Ä¶ https://t.co/zaD6oH4dTL",2018-06-04 16:22:28-05:00,0.0,0.0,0.0,1.0,17
CBS News,-,"Howard Schultz, who helped build Starbucks into a global food industry powerhouse, is stepping down as executive ch‚Ä¶ https://t.co/WvYBv290r1",2018-06-04 16:00:01-05:00,0.0,0.0,0.0,1.0,18
CBS News,-,Facebook under new scrutiny after report says it provided extensive information about its users and their friends t‚Ä¶ https://t.co/wcB9ToziOV,2018-06-04 15:45:25-05:00,0.4767,0.147,0.0,0.853,19
CBS News,-,"On Monday morning, Pres. Trump tweeted that ""it‚Äôs the ‚Äúbest economy &amp; jobs EVER"" -- but is it actually? Here's a CB‚Ä¶ https://t.co/wFN9M3YJGi",2018-06-04 15:14:37-05:00,0.0,0.0,0.0,1.0,20
CBS News,-,"White House physician Ronny Jackson is being investigated by Defense Department inspector general, office's spokesm‚Ä¶ https://t.co/CMmC29tz2x",2018-06-04 14:59:51-05:00,0.128,0.091,0.0,0.909,21
CBS News,-,"On @TheTalkCBS, Sara Gilbert says that canceling ""Roseanne"" was the right decision for ABC; ""it's sad to see it end‚Ä¶ https://t.co/oydOcrXqAZ",2018-06-04 14:44:51-05:00,-0.4767,0.0,0.134,0.866,22
CBS News,-,It's National Cheese Day. Are you a cheddar or feta lover? Do you prefer gouda or mozzarella? Here are 7 cheesy fac‚Ä¶ https://t.co/CGP5Uslcdu,2018-06-04 14:30:09-05:00,0.6322,0.172,0.0,0.828,23
CBS News,-,This valedictorian read a Trump quote during his graduation speech and the crowd erupted with applause. Then he int‚Ä¶ https://t.co/YfDYjRbdNe,2018-06-04 14:14:35-05:00,0.4215,0.135,0.0,0.865,24
CBS News,-,".@PaulaReidCBS on process for granting pardons prior to Trump administration: ""Right now, there's concern that many‚Ä¶ https://t.co/wgqlGIPKPk",2018-06-04 14:07:49-05:00,0.5423,0.231,0.0,0.769,25
CBS News,-,"Reporter to @PressSec on Trump lawyers' letter to Mueller: ""You literally said he did not dictate [Donald Trump Jr.‚Ä¶ https://t.co/ODYrkECO9p",2018-06-04 14:01:09-05:00,0.0,0.0,0.0,1.0,26
CBS News,-,"Reporter: ""Does the president believe he is above the law?""
@PressSec: ""Certainly not. The president hasn't done an‚Ä¶ https://t.co/ieGIVYLqPq",2018-06-04 13:53:02-05:00,0.34,0.118,0.0,0.882,27
CBS News,-,".@PressSec says WH is ""certainly looking into the matter"" after congressional transcripts reveal that aide to EPA's‚Ä¶ https://t.co/VNCBic8JZY",2018-06-04 13:51:41-05:00,0.3612,0.179,0.0,0.821,28
CBS News,-,"WATCH LIVE: ""Thankfully, the president hasn't done anything wrong, and wouldn't have any need for a pardon,""‚Ä¶ https://t.co/kaYES9c3Xg",2018-06-04 13:47:04-05:00,0.3724,0.138,0.0,0.862,29
CBS News,-,"Toys ""R"" Us gave out millions in executive bonuses a week before filing bankruptcy, but isn't paying severance to t‚Ä¶ https://t.co/ajPFnxar7j",2018-06-04 13:29:56-05:00,0.3182,0.108,0.0,0.892,30
CBS News,-,Photo of firefighter cradling little girl after car accident goes viral https://t.co/LVmL2aTfpx https://t.co/vlS4mvofDb,2018-06-04 13:15:02-05:00,-0.4767,0.0,0.205,0.795,31
CBS News,-,"At least 33 people are confirmed dead in Guatemala volcano eruption, but the toll is expected to rise further, disa‚Ä¶ https://t.co/rTm79INTmW",2018-06-04 12:59:36-05:00,-0.3919,0.0,0.117,0.883,32
CBS News,-,"MONDAY MOMENT OF ZEN: Miles away from the workweek grind, a mother badger in Montana keeps a close eye on her cub.‚Ä¶ https://t.co/FTCVp19NJI",2018-06-04 12:45:13-05:00,0.0,0.0,0.0,1.0,33
CBS News,-,Saudi Arabia issues the first driving licenses to 10 women as it prepares to lift the world's only ban on women dri‚Ä¶ https://t.co/AOYsZ3ydX3,2018-06-04 12:32:04-05:00,-0.5574,0.0,0.141,0.859,34
CBS News,-,"Scott Pruitt asked an EPA aide to track down a used mattress from the Trump Hotel, she says in interview with congr‚Ä¶ https://t.co/nAL2St9Vbg",2018-06-04 12:04:45-05:00,0.0,0.0,0.0,1.0,35
CBS News,-,"Parkland sheriff's deputy, who was widely criticized for standing outside Stoneman Douglas building as shooting occ‚Ä¶ https://t.co/CLvY7N2msy",2018-06-04 11:51:37-05:00,-0.3612,0.0,0.135,0.865,36
CBS News,-,"Sen. Jeff Merkley (D-OR) tried to visit an immigration detention facility in Texas, but was denied access into the‚Ä¶ https://t.co/leuci0sZGL",2018-06-04 11:35:01-05:00,-0.6808,0.0,0.237,0.763,37
CBS News,-,Crowd cheers when valedictorian quotes Trump. Then he reveals it was really Obama https://t.co/g40LUlPYqs https://t.co/tHQzqOhxLT,2018-06-04 11:29:39-05:00,0.4767,0.181,0.0,0.819,38
CBS News,-,Americans owe more credit card debt now than during the financial crisis. Here are 5 simple tips for paying down th‚Ä¶ https://t.co/5MB0vUdrb2,2018-06-04 11:20:19-05:00,-0.6086,0.104,0.247,0.648,39
CBS News,-,"Suspect linked to killings of four Phoenix-area professionals found dead in hotel room, police say‚Ä¶ https://t.co/N4hYhS2o6B",2018-06-04 11:14:55-05:00,-0.9001,0.0,0.458,0.542,40
CBS News,-,"This blind dachshund had a habit of running into things, until a pit bull came along and became his personal guide‚Ä¶ https://t.co/cOXspivf7C",2018-06-04 11:01:09-05:00,-0.4019,0.0,0.124,0.876,41
CBS News,-,"SCOTUS setting aside Colorado court ruling against baker who wouldn't make wedding cake for same-sex couple, but do‚Ä¶ https://t.co/D9x1fMSsBl",2018-06-04 10:49:29-05:00,0.0,0.0,0.0,1.0,42
CBS News,-,Supreme Court sides with President Trump in pregnant immigrant teen case https://t.co/LlUjT6As2o https://t.co/Mv9nhNDMpp,2018-06-04 10:29:31-05:00,0.5574,0.231,0.0,0.769,43
CBS News,-,Blind dachshund and the pit bull who acts as his guide have found a forever home together https://t.co/T3r0TSBZfT https://t.co/rvvrAQWo46,2018-06-04 10:27:16-05:00,-0.4019,0.0,0.137,0.863,44
CBS News,-,"""Obviously the investigation is on going. We have a deceased suspect at this point, the primary person we were look‚Ä¶ https://t.co/sQM90NmYWE",2018-06-04 10:25:45-05:00,-0.296,0.0,0.104,0.896,45
CBS News,-,"Arizona officials give update on suspect who killed at least 3 people: ""The suspect was tracked to a room here at t‚Ä¶ https://t.co/6ZcNS3IGM3",2018-06-04 10:22:54-05:00,-0.836,0.0,0.331,0.669,46
CBS News,-,A divide among Democrats between backers of teachers unions and those of charter schools is helping shape key guber‚Ä¶ https://t.co/TDtC9hasf9,2018-06-04 10:14:35-05:00,0.296,0.109,0.0,0.891,47
CBS News,-,"""In God We Trust"" on money isn't religious endorsement, federal court rules https://t.co/VBXsDO1vGf https://t.co/7DCL2owoGh",2018-06-04 09:59:39-05:00,0.5327,0.294,0.107,0.599,48
CBS News,-,Supreme Court rules in favor of baker who denied same-sex couple a wedding cake https://t.co/5qMn4rnEEP https://t.co/efZppjBtt0,2018-06-04 09:44:56-05:00,0.5267,0.297,0.137,0.566,49
CBS News,-,"Police are searching for 7-month-old Emma Grace Kennedy after she was abducted by an armed sex offender, Carl Ray K‚Ä¶ https://t.co/Ofe7rFPivx",2018-06-04 09:32:29-05:00,-0.4588,0.105,0.218,0.677,50
CBS News,-,Off-duty firefighter killed in motorcycle crash with bear in Oregon https://t.co/vOCKJlCROY https://t.co/N6qOeH0IRj,2018-06-04 09:29:33-05:00,-0.802,0.0,0.419,0.581,51
CBS News,-,"President Trump says he has ""absolute right"" to pardon himself, but says he wouldn't use it https://t.co/q2AnvvoU5d https://t.co/kDjC8ZTO3X",2018-06-04 09:14:34-05:00,0.1655,0.088,0.0,0.912,52
CBS News,-,"Serena Williams withdraws from the French Open, just before match against Maria Sharapova. Follow here for live upd‚Ä¶ https://t.co/8YS9fdWpO3",2018-06-04 09:01:02-05:00,0.0,0.0,0.0,1.0,53
CBS News,-,"Bill Clinton says #MeToo movement overdue, stands by his own actions in wake of Monica Lewisnky scandal‚Ä¶ https://t.co/yn8UEb8nQi",2018-06-04 09:00:01-05:00,0.0,0.0,0.0,1.0,54
CBS News,-,"WATCH: Guatemala‚Äôs ‚Äúvolcano of fire‚Äù erupts, sending a 5-mile stream of deadly lava through the streets and darkeni‚Ä¶ https://t.co/yf2GAlKXSp",2018-06-04 08:45:26-05:00,0.0,0.0,0.0,1.0,55
CBS News,-,China says trade deals are off if President Donald Trump follows through on his threat of tariffs which would tax b‚Ä¶ https://t.co/wZlcO2vVPL,2018-06-04 08:29:35-05:00,-0.5267,0.0,0.139,0.861,56
CBS News,-,"This was supposed to be the quiet time on Capitol Hill, but Congress faces immigration showdown and tension over ta‚Ä¶ https://t.co/93YY1FyqDW",2018-06-04 08:14:45-05:00,-0.4497,0.0,0.129,0.871,57
CBS News,-,Soldier deployed overseas was granted special leave to surprise his son at his high school graduation. Watch their‚Ä¶ https://t.co/ZceuZ3BHIP,2018-06-04 08:00:48-05:00,0.6808,0.296,0.052,0.652,58
CBS News,-,"Tony award winner Kenny Leon directed numerous broadway hits including, ‚ÄúHairspray Live,"" ‚ÄúRaisin in the Sun,"" and‚Ä¶ https://t.co/RahyanD0zr",2018-06-04 07:58:23-05:00,0.8074,0.313,0.0,0.687,59
CBS News,-,‚ÄúThere are certain policies that [the Trump administration] targeted... There‚Äôs not an ideological rationale for wh‚Ä¶ https://t.co/RXEh5TyNvX,2018-06-04 07:56:14-05:00,0.2732,0.116,0.0,0.884,60
CBS News,-,"‚ÄúI was 29 years old when I worked for Barack Obama...I spent weeks listening to all of his interviews, trying to ge‚Ä¶ https://t.co/ZglxhffKyA",2018-06-04 07:52:45-05:00,0.0,0.0,0.0,1.0,61
CBS News,-,Ben Rhodes was a speech writer during Pres. Obama‚Äôs 2008 presidential campaign. He became deputy national security‚Ä¶ https://t.co/F2DBQKmZ1w,2018-06-04 07:41:58-05:00,0.0,0.0,0.0,1.0,62
CBS News,-,"Newly released body-cam videos show what officers did after arresting Sterling Brown, appear to show cops were worr‚Ä¶ https://t.co/qoP62sIqUN",2018-06-04 07:40:38-05:00,0.0,0.0,0.0,1.0,63
CBS News,-,A recent Harvard Business Review study discovered discrimination is prevalent in the service industry.‚Ä¶ https://t.co/J3Znjy3riH,2018-06-04 07:20:45-05:00,0.0,0.0,0.0,1.0,64
CBS News,-,"Guatemala' ""Volcan de Fuego"" eruption: Rescue operations underway amid unrelenting devastation‚Ä¶ https://t.co/TZKxGlWFUs",2018-06-04 07:20:30-05:00,0.5106,0.231,0.0,0.769,65
CBS News,-,A new study of breast cancer treatment finds thousands of women with the disease may be able to safely avoid chemot‚Ä¶ https://t.co/cTe2E8cEXf,2018-06-04 07:11:22-05:00,-0.5267,0.115,0.237,0.647,66
CBS News,-,"Facebook is facing scrutiny for reportedly providing data to at least 60 device makers, including Amazon, Apple, an‚Ä¶ https://t.co/TyWjWGjPGo",2018-06-04 07:07:44-05:00,0.1779,0.086,0.0,0.914,67
CBS News,-,Canadian Prime Minister Justin Trudeau is blasting President Trump‚Äôs new tariffs https://t.co/v0iggpOxfm https://t.co/kg4GN0l99T,2018-06-04 07:06:13-05:00,0.0,0.0,0.0,1.0,68
CBS News,-,Rescue operations underway amid unrelenting devastation from Guatemala‚Äôs ‚ÄúVolcan de Feugo.‚Äù People are potentially‚Ä¶ https://t.co/1CFrlxOfmO,2018-06-04 07:05:41-05:00,0.128,0.173,0.147,0.681,69
CBS News,-,"Facebook reportedly provided Apple, Samsung with access to data from users, their friends https://t.co/bBaMFjsipo https://t.co/GH5tyVRvGX",2018-06-04 07:00:41-05:00,0.4767,0.181,0.0,0.819,70
CBS News,-,Here‚Äôs a look at some of this morning‚Äôs headlines on @CBSThisMorning https://t.co/apB5H237DQ,2018-06-04 06:58:46-05:00,0.0,0.0,0.0,1.0,71
CBS News,-,The FBI is investigating one of its agents after his gun went off while he was dancing. The incident caught on vide‚Ä¶ https://t.co/yidsVS90HI,2018-06-04 06:43:25-05:00,-0.34,0.0,0.098,0.902,72
CBS News,-,Investigators looking for links after 4th fatal shooting near Phoenix https://t.co/RP1akdR8mN https://t.co/VZFMkxiKQn,2018-06-04 06:40:38-05:00,-0.5423,0.0,0.241,0.759,73
CBS News,-,The Golden State Warriors are halfway to another NBA title. Steph Curry scored 33 points to beat Cleveland last nig‚Ä¶ https://t.co/MdKvsvtuFC,2018-06-04 06:39:59-05:00,0.0,0.0,0.0,1.0,74
CBS News,-,"Former President Bill Clinton says if the Russia investigation happened with a Democratic president, Republicans wo‚Ä¶ https://t.co/3tNDwtyjVO",2018-06-04 06:38:40-05:00,0.0,0.0,0.0,1.0,75
CBS News,-,"Arizona police are hunting for a gunman who killed at least 3people, including a forensic psychiatrist who worked o‚Ä¶ https://t.co/ctJSH0nolR",2018-06-04 06:35:49-05:00,-0.6705,0.0,0.209,0.791,76
CBS News,-,"Here are three things you should know this morning:
1‚É£First lady appearance
2‚É£Apple tackles phone addiction 
3‚É£Spac‚Ä¶ https://t.co/Ltc2S73rml",2018-06-04 06:34:51-05:00,0.0,0.0,0.0,1.0,77
CBS News,-,"WATCH: When an off-duty FBI agent was dancing at a club, his gun fell out, discharged and shot a patron in the leg‚Ä¶ https://t.co/XUgOxEuJ9i",2018-06-04 06:21:19-05:00,-0.34,0.0,0.103,0.897,78
CBS News,-,Preparations are underway for next week's summit between the U.S. and North Korea. Officials are working out a seri‚Ä¶ https://t.co/kU1ImMmPQN,2018-06-04 06:16:59-05:00,0.0,0.0,0.0,1.0,79
CBS News,-,A memo from President Trump's lawyers to Special Counsel Robert Mueller says that a president cannot obstruct justi‚Ä¶ https://t.co/6CVh1DkrTB,2018-06-04 06:15:22-05:00,0.4019,0.144,0.0,0.856,80
CBS News,-,"About 2,000 homes are threatened this morning by wildfires in the Southwest. Dry Conditions are fueling about a doz‚Ä¶ https://t.co/6yfbmORWwp",2018-06-04 06:10:11-05:00,-0.4588,0.0,0.143,0.857,81
CBS News,-,A 5.5 magnitude earthquake is among hundreds rocking the summit of Hawaii's Kilauea Volcano. The earthquakes are ra‚Ä¶ https://t.co/1cY0tqhFxl,2018-06-04 06:08:44-05:00,0.0,0.0,0.0,1.0,82
CBS News,-,A catastrophic volcano eruption in Guatemala is affecting more than a million people. ‚ÄúVolcan de Fuego‚Äù exploded ju‚Ä¶ https://t.co/gGKz1bUqHc,2018-06-04 06:05:54-05:00,-0.4939,0.0,0.167,0.833,83
CBS News,-,"10-year-old's sings John Lennon's ""Imagine"" for school talent show, now his performance has been seen by millions o‚Ä¶ https://t.co/mBiZwKdWDr",2018-06-04 06:01:01-05:00,0.4215,0.135,0.0,0.865,84
CBS News,-,First lady Melania Trump not attending G7 summit in Quebec or North Korea summit in Singapore with the president‚Ä¶ https://t.co/nIcKKeV7Qt,2018-06-04 05:40:49-05:00,0.0,0.0,0.0,1.0,85
CBS News,-,"""When something feels hard, remember that it gets better,"" Jimmy Fallon made a surprise appearance at Marjory Stone‚Ä¶ https://t.co/Pp2YPZ6gbw",2018-06-04 05:21:11-05:00,0.1779,0.108,0.072,0.821,86
CBS News,-,Millionaire charged in death of man he hired to dig tunnels beneath his home https://t.co/BUnc6WgqyF https://t.co/F3G8S5rLIb,2018-06-04 05:03:06-05:00,-0.6908,0.0,0.289,0.711,87
CBS News,-,"First lady Melania Trump not attending G7, North Korea summits https://t.co/810BmpEvq3 https://t.co/KyMHEjEg9m",2018-06-04 04:48:05-05:00,0.0,0.0,0.0,1.0,88
CBS News,-,Soldier deployed overseas surprises son at high school graduation https://t.co/adB0rpKCap https://t.co/ibnRDnH4Io,2018-06-04 04:33:05-05:00,0.2263,0.16,0.0,0.84,89
CBS News,-,"Kasich ""very, very concerned"" about North Korea summit, says U.S. must be ""extremely careful""‚Ä¶ https://t.co/tdg24p34nh",2018-06-04 04:18:05-05:00,0.0,0.0,0.0,1.0,90
CBS News,-,People who ignored evacuation orders are now being rescued by helicopter in Hawaii https://t.co/fVRXtiH6HT https://t.co/3dQmV1CNPR,2018-06-04 04:03:05-05:00,0.128,0.155,0.127,0.718,91
CBS News,-,SpaceX rocket launches powerful communications satellite https://t.co/fvx2Dox8bZ https://t.co/1Pvy2bpbmZ,2018-06-04 03:48:03-05:00,0.4215,0.286,0.0,0.714,92
CBS News,-,'Sing for Hope' places pianos all over New York City to give people opportunities to connect https://t.co/fjFj3tS2d6 https://t.co/YocJWlb6P9,2018-06-04 03:33:05-05:00,0.6705,0.256,0.0,0.744,93
CBS News,-,"Ute Park Fire grows to more than 27,000 acres in New Mexico https://t.co/z9sOIqsHuG https://t.co/kJokt2LFq6",2018-06-04 03:18:03-05:00,-0.34,0.0,0.156,0.844,94
CBS News,-,"Wildfire season starts off in western states, forcing hundreds to evacuate https://t.co/MqUr51LByf https://t.co/wQoR4lO2iq",2018-06-04 03:03:05-05:00,0.0,0.0,0.0,1.0,95
CBS News,-,"Jimmy Fallon surprises Parkland students at graduation: ""Don't let anything stop you"" https://t.co/2Uoux9s3pf https://t.co/UGZdcjEqCI",2018-06-04 02:48:04-05:00,0.4191,0.24,0.0,0.76,96
CBS News,-,Volcanic activity in Hawaii intensifies as police are ordered to arrest those who refuse to leave‚Ä¶ https://t.co/ZdPQ4porLT,2018-06-04 02:33:04-05:00,-0.5574,0.0,0.235,0.765,97
CBS News,-,Residents surrounded by lava on Hawaii's Big Island https://t.co/H3cowx5l2U https://t.co/22FWC7YmOp,2018-06-04 02:18:03-05:00,0.0,0.0,0.0,1.0,98
CBS News,-,Steve Hartman meets two best friends decades apart in age that maintain an unlikely friendship‚Ä¶ https://t.co/EgK52eGeJG,2018-06-04 02:03:03-05:00,0.8074,0.343,0.0,0.657,99
CBS News,-,Police officer wounds himself during pursuit near San Diego marathon https://t.co/l9TohL9Q8D https://t.co/pxNc6GCo7E,2018-06-04 01:49:05-05:00,0.0,0.0,0.0,1.0,100
CNN,-,Tim Cook says he‚Äôs more afraid of ‚Äúpeople thinking like machines than machines thinking like people‚Äù‚Ä¶ https://t.co/WpZEFDDkEz,2018-06-04 21:30:00-05:00,0.6124,0.25,0.0,0.75,1
CNN,-,This surveillance camera footage shows a tiny asteroid that NASA says disintegrated over southern Africa https://t.co/fOHRKhvVeA,2018-06-04 21:25:21-05:00,0.0,0.0,0.0,1.0,2
CNN,-,Tim Cook says he doesn't think tariffs are going to make your iPhone more expensive https://t.co/vvYqtHnJXz https://t.co/3HrTDcnU0K,2018-06-04 21:20:00-05:00,0.0,0.0,0.0,1.0,3
CNN,-,"Apple CEO Tim Cook says even he was surprised by how much time he spends on his phone: ""I thought I was fairly disc‚Ä¶ https://t.co/brxCCvUp4r",2018-06-04 21:10:00-05:00,0.2263,0.076,0.0,0.924,4
CNN,-,Former San Francisco 49ers wide receiver Dwight Clark has died at age 61 after a battle with amyotrophic lateral sc‚Ä¶ https://t.co/2EAcTb3uCz,2018-06-04 21:00:17-05:00,-0.7351,0.0,0.256,0.744,5
CNN,Cuomo Prime Time,RT @CuomoPrimeTime: Rudy Giuliani addresses his legacy telling @ChrisCuomo he has a ‚Äúclear conscience‚Äù: ‚ÄúI‚Äôm doing my job as a lawyer‚Äù #Cuo‚Ä¶,2018-06-04 20:51:28-05:00,0.0,0.0,0.0,1.0,6
CNN,-,Rudy Giuliani on shifting Trump Tower story: ‚ÄúIt was a mistake. I swear to God‚Äù https://t.co/LjH4CCHbOp‚Ä¶ https://t.co/tsBZi4ygfF,2018-06-04 20:50:23-05:00,-0.3818,0.0,0.217,0.783,7
CNN,Cuomo Prime Time,RT @CuomoPrimeTime: Trump lawyer Rudy Giuliani to @ChrisCuomo: ‚ÄúIt would be suicide‚Äù for President Trump to pardon himself #CuomoPrimeTime‚Ä¶,2018-06-04 20:48:01-05:00,0.3182,0.113,0.0,0.887,8
CNN,-,"‚ÄúI‚Äôm doing my job as a lawyer‚Äù: Rudy Giuliani addresses his legacy, telling @ChrisCuomo he has a ‚Äúclear conscience‚Äù‚Ä¶ https://t.co/chjd84zynD",2018-06-04 20:42:14-05:00,0.0,0.0,0.0,1.0,9
CNN,-,Trump lawyer Rudy Giuliani to @ChrisCuomo: ‚ÄúIt would be suicide‚Äù for President Trump to pardon himself‚Ä¶ https://t.co/ai5NFgcgg2,2018-06-04 20:38:39-05:00,0.3182,0.126,0.0,0.874,10
CNN,-,Tim Cook on whether Apple products will be impacted by an escalating trade war: ‚ÄúI don‚Äôt think that iPhone will get‚Ä¶ https://t.co/oLU0mkWhjs,2018-06-04 20:32:01-05:00,-0.5994,0.0,0.157,0.843,11
CNN,-,"Rudy Giuliani on shifting the Trump Tower story: ""It was a mistake. I swear to God."" https://t.co/UsuafcFjdP https://t.co/l2KZdChHB1",2018-06-04 20:28:56-05:00,-0.3818,0.0,0.205,0.795,12
CNN,-,Tim Cook: ‚ÄúWe think privacy is a fundamental human right‚Äù https://t.co/FCFdEQcNhY https://t.co/z4guSEO51c,2018-06-04 20:26:48-05:00,0.0,0.0,0.0,1.0,13
CNN,-,JUST IN: Special counsel Robert Mueller's office has accused former Trump campaign chairman Paul Manafort of attemp‚Ä¶ https://t.co/3ZYY293nGY,2018-06-04 20:17:24-05:00,0.128,0.129,0.105,0.766,14
CNN,-,"Tim Cook says he doesn‚Äôt worry about ‚Äúmachines taking over the world,‚Äù adding ‚ÄúI worry much more about people think‚Ä¶ https://t.co/rrusV8ZF5Z",2018-06-04 20:12:49-05:00,-0.7003,0.0,0.234,0.766,15
CNN,-,"""I thought I was fairly disciplined about this. And I was wrong. ... I was spending too much time on my phone."" App‚Ä¶ https://t.co/1TVK9pODGm",2018-06-04 20:01:38-05:00,-0.4767,0.0,0.134,0.866,16
CNN,Cuomo Prime Time,"RT @CuomoPrimeTime: Cuomo PrimeTime, with anchor @ChrisCuomo, premieres NOW on CNN and https://t.co/W9zR5Q1zho #CuomoPrimeTime https://t.co‚Ä¶",2018-06-04 20:00:53-05:00,0.0,0.0,0.0,1.0,17
CNN,-,"Twitter has made it into the S&amp;P 500, replacing Monsanto. The social media company's stock jumped more than 3% afte‚Ä¶ https://t.co/dRBQRYfEet",2018-06-04 19:52:03-05:00,0.0,0.0,0.0,1.0,18
CNN,-,".@andersoncooper: Is President Trump above the law? Once again, tweeting it simply doesn‚Äôt make it so‚Ä¶ https://t.co/LHzf91YZIT",2018-06-04 19:44:42-05:00,0.0,0.0,0.0,1.0,19
CNN,-,"@andersoncooper Conservative Dinesh D'Souza, recently pardoned by President Trump, tells @andersoncooper he believe‚Ä¶ https://t.co/5OHx1VQuTG",2018-06-04 19:35:24-05:00,0.2263,0.128,0.0,0.872,20
CNN,-,"Conservative Dinesh Souza, recently pardoned by President Trump, tells @andersoncooper he believes he was prosecute‚Ä¶ https://t.co/vyqynldaix",2018-06-04 19:32:04-05:00,0.2263,0.112,0.0,0.888,21
CNN,-,"As President Donald Trump huddled in the Oval Office with Kim Jong Un's right-hand man, he was accompanied by only‚Ä¶ https://t.co/7gRffE7Lpi",2018-06-04 19:28:11-05:00,0.0,0.0,0.0,1.0,22
CNN,Anderson Cooper 360¬∞,"RT @AC360: .@andersoncooper: Is President Trump above the law? Once again, tweeting it simply doesn‚Äôt make it so #KeepingThemHonest https:/‚Ä¶",2018-06-04 19:16:31-05:00,0.0,0.0,0.0,1.0,23
CNN,-,"Apple has introduced several new features for iOS 12, including group FaceTime calls and custom ""memoji""‚Ä¶ https://t.co/bVGpXn0gN5",2018-06-04 19:15:22-05:00,0.0,0.0,0.0,1.0,24
CNN,-,"The suspect in killings in Scottsdale, Arizona, has been linked to a man and a woman found shot to death inside a h‚Ä¶ https://t.co/GIo5A08zBx",2018-06-04 19:06:05-05:00,-0.891,0.0,0.371,0.629,25
CNN,-,Why meeting a US President is the ultimate aim of the Kim family | By Ben Westcott via @CNNOpinion‚Ä¶ https://t.co/ARPwk4QrdL,2018-06-04 19:01:10-05:00,0.0,0.0,0.0,1.0,26
CNN,-,The US Air Force has canceled a $24 million contract for new refrigerators for President Donald Trump's presidentia‚Ä¶ https://t.co/lOM2p37Ba0,2018-06-04 18:56:05-05:00,0.0,0.0,0.0,1.0,27
CNN,-,Sen. Ted Cruz was speechless for 18 seconds after a reporter asked him whether President Trump can pardon himself‚Ä¶ https://t.co/FztJVLJtYG,2018-06-04 18:53:45-05:00,0.3182,0.113,0.0,0.887,28
CNN,-,"Melania Trump, who has not been seen publicly for the past 24 days, attended a reception for Gold Star military fam‚Ä¶ https://t.co/p4bPBlBJJS",2018-06-04 18:51:05-05:00,0.0,0.0,0.0,1.0,29
CNN,-,"Trump torches Macron, his last friend in the G-7 | By David A. Andelman via @CNNOpinion https://t.co/xGzEYBVclH https://t.co/cI7OAfGCUy",2018-06-04 18:46:22-05:00,0.4939,0.167,0.0,0.833,30
CNN,OutFrontCNN,"RT @OutFrontCNN: ""The White House is facing a crisis of confidence on it's spokespeople's ability to tell the truth about some very basic f‚Ä¶",2018-06-04 18:44:35-05:00,0.4215,0.255,0.132,0.613,31
CNN,-,How Uber moved into New York City and defeated the formidable yellow cab industry https://t.co/3qOAxwMlAf https://t.co/imfJJNy67K,2018-06-04 18:43:58-05:00,-0.4767,0.0,0.171,0.829,32
CNN,-,The Philadelphia Eagles' White House visit has been canceled due to the controversy over standing for the national‚Ä¶ https://t.co/7igbhzLDjF,2018-06-04 18:41:15-05:00,0.0,0.0,0.0,1.0,33
CNN,-,Apple has announced some new privacy and anti-tracking features coming to its Safari browser‚Ä¶ https://t.co/3kiU0Y5vVV,2018-06-04 18:31:19-05:00,0.0,0.0,0.0,1.0,34
CNN,-,"To grasp the latest physics breakthrough, think of sumo wrestlers and barracudas | By Don Lincoln via @CNNOpinion‚Ä¶ https://t.co/RUXtlYOiZT",2018-06-04 18:27:06-05:00,0.0,0.0,0.0,1.0,35
CNN,-,Here's what's blowing up America's health care budget https://t.co/SWq0V1ZQwB https://t.co/bVpHk4lUEc,2018-06-04 18:26:08-05:00,0.4939,0.262,0.0,0.738,36
CNN,The Lead CNN,"RT @TheLeadCNN: President Trump is asserting one of the broadest interpretations possible of the powers of the Executive branch, suggesting‚Ä¶",2018-06-04 18:23:52-05:00,0.0,0.0,0.0,1.0,37
CNN,-,"Statin recommendations may change, especially for African-Americans https://t.co/nI19k4xiqn https://t.co/8cWJ27yFSD",2018-06-04 18:22:00-05:00,0.0,0.0,0.0,1.0,38
CNN,-,Melania Trump attends her first official event in 24 days https://t.co/pUTYQUjEpQ https://t.co/tSZKMOnOcu,2018-06-04 18:18:06-05:00,0.0,0.0,0.0,1.0,39
CNN,Cuomo Prime Time,"RT @CuomoPrimeTime: Everybody's talking about him. We are talking to him. 

Tonight at 9p ET, Rudy Giuliani joins @ChrisCuomo for the premi‚Ä¶",2018-06-04 18:02:25-05:00,0.0,0.0,0.0,1.0,40
CNN,-,This FBI agent lost his gun during a dance-floor backflip and accidentally shot a bar patron https://t.co/DN6ENJDXFS https://t.co/7CbbmpKrJi,2018-06-04 18:01:50-05:00,-0.7269,0.0,0.353,0.647,41
CNN,-,"An additional five patients have died in association with weight loss balloons, bringing the total number of deaths‚Ä¶ https://t.co/Yex4YtSeO9",2018-06-04 18:00:57-05:00,-0.6808,0.056,0.254,0.69,42
CNN,The Situation Room,"RT @CNNSitRoom: Senator Blumenthal on Trump‚Äôs pardon comments: ‚ÄúI hope my Republican colleagues will speak up and stand up, because nothing‚Ä¶",2018-06-04 17:47:54-05:00,0.6369,0.215,0.0,0.785,43
CNN,-,President Trump‚Äôs attacks are an effort to ‚Äúdiscredit the [Russia] investigation before it concludes its report‚Äù an‚Ä¶ https://t.co/xFJpVgv0CR,2018-06-04 17:47:34-05:00,-0.4404,0.0,0.146,0.854,44
CNN,-,Soci√©t√© G√©n√©rale will pay more than $860 million in fines for bribing Libyan officials and manipulating a benchmark‚Ä¶ https://t.co/4EU5ae3RcC,2018-06-04 17:39:49-05:00,-0.4404,0.0,0.196,0.804,45
CNN,-,It's Trump against the world on tariffs -- and he's getting an earful | Analysis by CNN's Z. Byron Wolf‚Ä¶ https://t.co/I8lo4LD0QF,2018-06-04 17:31:16-05:00,0.0,0.0,0.0,1.0,46
CNN,-,How the Supreme Court (respectfully) kicked the cake down the road | By Mark Goldfeder via @CNNOpinion‚Ä¶ https://t.co/uNqmkrV4NC,2018-06-04 17:18:55-05:00,0.5574,0.184,0.0,0.816,47
CNN,-,A man undergoing CPR exhibited signs of conscious awareness for 90 minutes before the medical team stopped the life‚Ä¶ https://t.co/C9o97CZrCf,2018-06-04 17:11:08-05:00,-0.2263,0.0,0.095,0.905,48
CNN,-,This FBI agent dropped his gun during a dance-floor backflip and accidentally shot someone https://t.co/1eGXZd3v0g https://t.co/xNt37UzkJF,2018-06-04 17:01:04-05:00,-0.5859,0.0,0.27,0.73,49
CNN,-,Apple has unveiled new augmented reality features like a tool for measuring real-life objects with an iPhone or iPa‚Ä¶ https://t.co/pJyNgOpNCh,2018-06-04 17:00:59-05:00,0.3612,0.122,0.0,0.878,50
CNN,-,"The US military carried out several drone strikes in Somalia in the last few weeks, targeting dozens of anti-govern‚Ä¶ https://t.co/XIRz06jMBy",2018-06-04 16:56:35-05:00,-0.3612,0.0,0.116,0.884,51
CNN,-,"Two US B-52 bombers flew within the vicinity of the contested Spratly Islands in the South China Sea Monday, accord‚Ä¶ https://t.co/tcphUPCdfh",2018-06-04 16:48:56-05:00,0.0,0.0,0.0,1.0,52
CNN,-,"Secure your gun before any backflips, please | By James A. Gagliano via @CNNOpinion https://t.co/Yj2AKnHXJx https://t.co/GcFZSuZNl9",2018-06-04 16:36:03-05:00,0.3182,0.246,0.126,0.628,53
CNN,-,Democrats have more to lose in California than a few primaries | Analysis by CNN's Gregory Krieg‚Ä¶ https://t.co/Rs723jMQv4,2018-06-04 16:33:05-05:00,-0.4549,0.0,0.166,0.834,54
CNN,-,"Apple is adding tools to help its customers avoid phone addiction, a direct response to criticisms it received earl‚Ä¶ https://t.co/VAevwN5EMG",2018-06-04 16:27:09-05:00,-0.1027,0.118,0.18,0.702,55
CNN,-,"""Former President Bill Clinton has just revealed the ultimate lessons he's learned in the 20 years since his sordid‚Ä¶ https://t.co/mGy31UXqPi",2018-06-04 16:21:06-05:00,0.0,0.0,0.0,1.0,56
CNN,-,"Starbucks says Howard Schultz, its former CEO and the most prominent face of the company, is stepping down as execu‚Ä¶ https://t.co/ERySDw5Xlk",2018-06-04 16:16:09-05:00,0.3804,0.115,0.0,0.885,57
CNN,-,Unpacking the real story behind Republicans' chances at holding the Senate in 2018 | Analysis by CNN's Chris Cilliz‚Ä¶ https://t.co/ODoW8srlWQ,2018-06-04 16:11:03-05:00,0.2023,0.091,0.0,0.909,58
CNN,-,"The Koch brothers' conservative political network is launching an aggressive ""multi-year, multimillion-dollar"" camp‚Ä¶ https://t.co/bBYUEmqR0d",2018-06-04 16:06:05-05:00,-0.1531,0.0,0.11,0.89,59
CNN,-,"Mylan CEO Heather Bresch says the EpiPen controversy was a ""defining moment"" and made her a stronger leader.‚Ä¶ https://t.co/YsAoNRpOPM",2018-06-04 16:00:24-05:00,0.3818,0.14,0.0,0.86,60
CNN,-,Trump's executive privilege argument is a loser | By Andrew Wright and Norman Eisen via @CNNOpinion‚Ä¶ https://t.co/rCyswkhEDi,2018-06-04 15:56:37-05:00,-0.5267,0.123,0.289,0.588,61
CNN,-,Howard Schultz will step down later this month as executive chairman of Starbucks ‚Äî and says he may consider runnin‚Ä¶ https://t.co/KDtL7lETy7,2018-06-04 15:47:57-05:00,0.0,0.0,0.0,1.0,62
CNN,-,"JUST IN: Howard Schultz is stepping down as Starbucks executive chairman effective June 26, the company says‚Ä¶ https://t.co/jLfzSTOiIY",2018-06-04 15:29:42-05:00,0.4767,0.154,0.0,0.846,63
CNN,-,Ronald Reagan's daughter says her father wouldn't have backed President Donald Trump https://t.co/3rLLflygm8 https://t.co/rd2dtGKgsV,2018-06-04 15:25:28-05:00,-0.0191,0.0,0.076,0.924,64
CNN,-,White House press secretary Sarah Sanders repeatedly refused to account for the discrepancy between contradictory s‚Ä¶ https://t.co/R8zcHsXBHh,2018-06-04 15:18:27-05:00,-0.5574,0.0,0.235,0.765,65
CNN,-,Patti Blagojevich is an absolute expert in how to make Donald Trump do what she wants | Analysis by @CillizzaCNN‚Ä¶ https://t.co/bgJekD5sM0,2018-06-04 15:16:47-05:00,0.0,0.0,0.0,1.0,66
CNN,CNN Newsroom,"RT @CNNnewsroom: Britt Harris, whose husband was killed in Afghanistan before their daughter was born, explains why she did a photo shoot w‚Ä¶",2018-06-04 15:07:45-05:00,-0.7845,0.0,0.257,0.743,67
CNN,-,"When Toys ""R"" Us announced it would shut all of its US locations, employees were shocked to learn that they wouldn'‚Ä¶ https://t.co/uP0UklBXRx",2018-06-04 15:07:33-05:00,-0.3182,0.0,0.099,0.901,68
CNN,-,Top Senate Democrats cautioned President Trump that they would not support lifting sanctions against North Korea un‚Ä¶ https://t.co/wxFIM9abu0,2018-06-04 14:57:18-05:00,-0.1174,0.09,0.113,0.798,69
CNN,-,Secretary of State Mike Pompeo called on the Organization of American States to expel Venezuela and squeeze the cou‚Ä¶ https://t.co/cxhwPqXr1v,2018-06-04 14:50:01-05:00,-0.4404,0.0,0.132,0.868,70
CNN,-,"Fourth-grader Adam Kornowski wowed the crowd with a performance of John Lennon's ""Imagine"" during a school talent s‚Ä¶ https://t.co/NOAeuuw7TF",2018-06-04 14:46:05-05:00,0.7506,0.299,0.0,0.701,71
CNN,CNN Newsroom,"RT @CNNnewsroom: ""If the President thought there was nothing wrong with his staff meeting with the Russians to get dirt on Hillary Clinton‚Ä¶",2018-06-04 14:36:17-05:00,0.0397,0.098,0.092,0.809,72
CNN,-,The bodies of three women were found at the home of a Massachusetts man who has been charged in two separate kidnap‚Ä¶ https://t.co/YKSidIVlXb,2018-06-04 14:35:41-05:00,-0.2023,0.0,0.079,0.921,73
CNN,-,Senate Majority Leader Mitch McConnell has a long list of things to do this summer https://t.co/0t0VLl2CeY https://t.co/znKqkGxdwA,2018-06-04 14:32:10-05:00,0.0,0.0,0.0,1.0,74
CNN,-,The Pentagon's Office of Inspector General has opened an investigation into allegations related to Rear Admiral Ron‚Ä¶ https://t.co/ItNxL5JPsd,2018-06-04 14:30:55-05:00,0.3182,0.119,0.0,0.881,75
CNN,-,Supreme Court Justice Anthony Kennedy tried to make clear that he was not retreating from his landmark 2015 decisio‚Ä¶ https://t.co/jcdGqWCbMb,2018-06-04 14:20:07-05:00,0.872,0.405,0.0,0.595,76
CNN,CNN Politics,"RT @CNNPolitics: Reporter: ‚ÄúDoes the President believe he is above the law?‚Äù

Sanders: ‚ÄúCertainly no one is above the law‚Äù https://t.co/ZNF‚Ä¶",2018-06-04 14:10:24-05:00,-0.296,0.0,0.099,0.901,77
CNN,Cuomo Prime Time,"RT @CuomoPrimeTime: President Trump's lawyer, Rudy Giuliani, joins @ChrisCuomo for the premiere of #CuomoPrimeTime 

Watch tonight at 9p ET‚Ä¶",2018-06-04 14:07:52-05:00,0.0,0.0,0.0,1.0,78
CNN,-,"Reporter: ""Does the President believe that he is above the law?""

White House press secretary Sarah Sanders: ""Certa‚Ä¶ https://t.co/UF17zwbJkC",2018-06-04 14:02:07-05:00,0.0,0.0,0.0,1.0,79
CNN,-,The Supreme Court hands a win to the Colorado baker who refused to design a cake for a same-sex wedding‚Ä¶ https://t.co/840U3IB7wW,2018-06-04 14:00:17-05:00,0.7351,0.301,0.089,0.61,80
CNN,-,White House press secretary Sarah Sanders: ‚ÄúThe President hasn‚Äôt done anything wrong and wouldn‚Äôt have any need for‚Ä¶ https://t.co/aDUDMVJ2If,2018-06-04 13:54:55-05:00,-0.4767,0.0,0.147,0.853,81
CNN,-,A short-fin male pilot whale has died in Southern Thailand after ingesting more than 17 lbs of plastic bags and pac‚Ä¶ https://t.co/LSDoABxqL1,2018-06-04 13:50:06-05:00,-0.5574,0.0,0.153,0.847,82
CNN,-,"The White House is holding a press briefing. Watch CNN: https://t.co/AXQKbzoDhs 

Watch on Facebook:‚Ä¶ https://t.co/MPGrQrRcNC",2018-06-04 13:45:26-05:00,0.0,0.0,0.0,1.0,83
CNN,-,A US government fund that helps coal miners sickened with black lung disease is beset by billions of dollars in deb‚Ä¶ https://t.co/n3Q22VpNii,2018-06-04 13:40:06-05:00,-0.2263,0.104,0.139,0.757,84
CNN,-,The US government is warning insurance companies to be on the lookout for suspicious prescriptions of a drug being‚Ä¶ https://t.co/XvHBI3C8Zr,2018-06-04 13:30:11-05:00,-0.5994,0.0,0.224,0.776,85
CNN,-,Parkland students are planning to tour the nation to register voters and demand change on gun control legislation‚Ä¶ https://t.co/OFCP5IYWEt,2018-06-04 13:20:06-05:00,-0.4404,0.0,0.187,0.813,86
CNN,-,Facebook is facing renewed regulatory scrutiny around the world in the wake of new allegations over how it handles‚Ä¶ https://t.co/aAzuY6M9OS,2018-06-04 13:10:06-05:00,0.0,0.0,0.0,1.0,87
CNN,-,"""If I were President of the United States and I had a lawyer that told me I could pardon myself, I think I would hi‚Ä¶ https://t.co/FAnlyDbRB9",2018-06-04 13:00:35-05:00,0.6249,0.221,0.0,0.779,88
CNN,-,"With just over a week to go until the Trump-Kim summit in Singapore, @willripleyCNN explains why this small city-st‚Ä¶ https://t.co/5K9aFNgelq",2018-06-04 13:00:01-05:00,0.0,0.0,0.0,1.0,89
CNN,-,Here's why Guatemala's volcanic eruption is so much deadlier than Hawaii's https://t.co/mzY1Cd82Ci https://t.co/M2utyYTRel,2018-06-04 12:50:05-05:00,0.0,0.0,0.0,1.0,90
CNN,-,How Uber moved into New York City and defeated the formidable yellow cab industry https://t.co/3qOAxwMlAf https://t.co/9EmOxq0uwQ,2018-06-04 12:45:00-05:00,-0.4767,0.0,0.171,0.829,91
CNN,-,Democrats still have a Bill Clinton problem | Analysis by @zbyronwolf¬†https://t.co/5ePVTWx4Z9 https://t.co/sTf99f6NUh,2018-06-04 12:40:05-05:00,-0.4019,0.0,0.213,0.787,92
CNN,-,Former President George H.W. Bush has been discharged from a Maine hospital after being admitted due to low blood p‚Ä¶ https://t.co/a34kghR3g6,2018-06-04 12:30:07-05:00,-0.1779,0.065,0.098,0.837,93
CNN,-,"Here's a reason to visit Sydney during the winter: ""Vivid Sydney,"" a spectacular 90-installation light show, music‚Ä¶ https://t.co/5INtoFdP25",2018-06-04 12:21:00-05:00,0.0,0.0,0.0,1.0,94
CNN,-,"Jesse Duplantis says he's not asking followers to buy him a $54 million private jet. He just wants them to ""believe‚Ä¶ https://t.co/yWwx2Uun8O",2018-06-04 12:13:06-05:00,0.0,0.0,0.0,1.0,95
CNN,-,"""That's not what the American people, I think, would be able to stand for."" Former US attorney Preet Bharara says i‚Ä¶ https://t.co/B8xwZlw8UM",2018-06-04 12:06:25-05:00,0.0,0.0,0.0,1.0,96
CNN,-,The White House just got caught in a lie about the infamous Trump Tower meeting | Analysis by @CillizzaCNN‚Ä¶ https://t.co/t4VILlRcS2,2018-06-04 11:58:47-05:00,0.0,0.0,0.0,1.0,97
CNN,-,An aide for EPA Administrator Scott Pruitt inquired about purchasing a used mattress for him from the Trump Interna‚Ä¶ https://t.co/dqxE5xuZKE,2018-06-04 11:41:00-05:00,0.0,0.0,0.0,1.0,98
CNN,-,"Janet Jackson called police Saturday over concern for her 1-year-old son, who was found by authorities with his fat‚Ä¶ https://t.co/hfxEFsG1iT",2018-06-04 11:33:38-05:00,0.0,0.0,0.0,1.0,99
CNN,-,Apple CEO Tim Cook will soon take the stage at the company's annual World Wide Developers Conference to preview new‚Ä¶ https://t.co/MJvYoAFp78,2018-06-04 11:20:04-05:00,0.0,0.0,0.0,1.0,100
Fox News,-,".@mschlapp on President @realDonaldTrump's first 500 days in office: ""Promise made, promise kept on issue after iss‚Ä¶ https://t.co/q0lGXJajvp",2018-06-04 21:29:29-05:00,0.5574,0.223,0.0,0.777,1
Fox News,-,.@marklevinshow on Trump 'Indictment' Talk: 'Perhaps Mr. Mueller Is the Tyrant' https://t.co/GyeGQRE7yh,2018-06-04 21:26:05-05:00,0.0,0.0,0.0,1.0,2
Fox News,-,".@DouglasESchoen: ""The Democratic Party is in a civil war between the moderates...and the surging progressives who‚Ä¶ https://t.co/tdvQThtIIT",2018-06-04 21:22:11-05:00,-0.296,0.131,0.189,0.68,3
Fox News,-,".@BillClinton accuser Kathleen Willey on his NBC interview: ""I could not believe the words that were coming out of‚Ä¶ https://t.co/vVNfHGZAmm",2018-06-04 21:16:46-05:00,0.0,0.0,0.0,1.0,4
Fox News,-,".@IngrahamAngle: ""Like [@BillClinton], the Democrats refused to learn the lessons of the past."" https://t.co/8C49Ecx5rT",2018-06-04 21:11:26-05:00,0.0772,0.15,0.132,0.719,5
Fox News,-,.@POTUS announced Monday the Philadelphia @Eagles will not visit the @WhiteHouse this week to celebrate the team's‚Ä¶ https://t.co/GOIcQKWe57,2018-06-04 21:07:36-05:00,0.5719,0.179,0.0,0.821,6
Fox News,-,".@FLOTUS tweeted that she and @POTUS were ""honored to pay tribute to our fallen heroes"" during an event honoring Go‚Ä¶ https://t.co/Df0hQbQS9I",2018-06-04 21:04:22-05:00,0.8176,0.343,0.129,0.528,7
Fox News,-,".@JoeConchaTV: ""For the the first time in 20 years, @BillClinton was actually asked a tough question...Bill Clinton‚Ä¶ https://t.co/S7J3lkbwOr",2018-06-04 21:00:19-05:00,-0.128,0.0,0.086,0.914,8
Fox News,-,".@HARRISFAULKNER: ""I learned those gifts from the military about how to build a squad to be successful."" #Hannity https://t.co/YzSH8jI4iU",2018-06-04 20:55:27-05:00,0.0,0.0,0.0,1.0,9
Fox News,-,#Hannity on 500 Days of Trump: 'Undeniable That the World is Seeing Massive Progress' https://t.co/TjNm5KV5cd,2018-06-04 20:52:24-05:00,0.4215,0.167,0.0,0.833,10
Fox News,-,"Mueller says Manafort tried to tamper with witnesses, hide evidence https://t.co/owsvqT3OpA",2018-06-04 20:50:17-05:00,-0.1779,0.0,0.145,0.855,11
Fox News,-,".@marklevinshow: ""Perhaps Mr. Mueller is the tyrant, not the president of the United States."" #Hannity https://t.co/xBShThyDZx",2018-06-04 20:47:37-05:00,0.4215,0.157,0.0,0.843,12
Fox News,-,".@PressSec: ""We have the best economy since World War II."" #Hannity https://t.co/o37qPPuLQr",2018-06-04 20:43:28-05:00,0.0772,0.232,0.215,0.552,13
Fox News,-,#Trump tackles the @NFL and national anthem: A timeline https://t.co/GZijvLntTM,2018-06-04 20:41:42-05:00,0.0,0.0,0.0,1.0,14
Fox News,-,".@PressSec on North Korea: ""The @POTUS has conceded nothing."" #Hannity https://t.co/oSZZrjHd6P",2018-06-04 20:39:20-05:00,0.0,0.0,0.0,1.0,15
Fox News,-,"Rep. @SteveScalise: ""If there's a bad apple over there, I surely want to uncover them, but the @FBI should want to‚Ä¶ https://t.co/QZra3l68RZ",2018-06-04 20:36:19-05:00,0.0772,0.2,0.099,0.702,16
Fox News,-,"TOMORROW: Colorado baker Jack Phillips, who refused to make a wedding cake for a same-sex couple, reacts after the‚Ä¶ https://t.co/WASPbUgbrw",2018-06-04 20:34:00-05:00,-0.296,0.0,0.115,0.885,17
Fox News,-,".@GreggJarrett: ""[President @realDonaldTrump] can stop [a DOJ investigation], initiate one‚Äî he can do anything he w‚Ä¶ https://t.co/1P2ShA0OP9",2018-06-04 20:32:16-05:00,-0.296,0.0,0.121,0.879,18
Fox News,-,".@FLOTUS Melania Trump appears at @WhiteHouse after kidney procedure, despite reports she's 'missing in action'‚Ä¶ https://t.co/a6IDNxKdqk",2018-06-04 20:28:48-05:00,0.2235,0.112,0.0,0.888,19
Fox News,-,".@seanhannity on President @realDonaldTrump's first 500 days: ""It is now undeniable that the entire world is seeing‚Ä¶ https://t.co/hw0nlSdDep",2018-06-04 20:26:40-05:00,0.0,0.0,0.0,1.0,20
Fox News,-,".@seanhannity: ""For years, both Bill and Hillary #Clinton, they've acted above the law."" #Hannity https://t.co/o7s2y11tJH",2018-06-04 20:20:24-05:00,0.0,0.0,0.0,1.0,21
Fox News,-,Queen Elizabeth gives Harry and Meghan country home as wedding gift https://t.co/DkpleQpK4Y,2018-06-04 20:13:38-05:00,0.4404,0.209,0.0,0.791,22
Fox News,-,".@seanhannity: ""President @realDonaldTrump and his legal team‚Äî they do have the power to literally order‚Ä¶ https://t.co/3E1CNZVeYd",2018-06-04 20:10:34-05:00,0.128,0.091,0.0,0.909,23
Fox News,-,"Tucker: 'As Long as You Are Useful to the Left, Nothing You Do Will Be Held Against You' https://t.co/zi7N9etVEQ",2018-06-04 20:10:00-05:00,0.4404,0.139,0.0,0.861,24
Fox News,-,"On @foxandfriends, Counselor to the President @KellyannePolls touted the successes of President @realDonaldTrump‚Äã's‚Ä¶ https://t.co/D6TMijvG3s",2018-06-04 20:05:00-05:00,0.5267,0.214,0.071,0.714,25
Fox News,-,"Lava destroys 117 homes, everything in its path as it creeps toward ocean. https://t.co/xG8XzlAjbq",2018-06-04 19:59:00-05:00,-0.5574,0.0,0.217,0.783,26
Fox News,-,TUNE IN: @PressSec Sarah Sanders and @MarkLevinShow join @SeanHannity at 9p ET. https://t.co/M6Imq89fhM https://t.co/tqOqRQNfEd,2018-06-04 19:55:00-05:00,0.296,0.145,0.0,0.855,27
Fox News,-,Rose McGowan to Bill Clinton: Lewinsky's life 'destroyed due to your selfishness' https://t.co/x0cqfOFZMH,2018-06-04 19:52:54-05:00,-0.7096,0.0,0.349,0.651,28
Fox News,-,Patron shot by FBI agent at Colorado nightclub to receive free drinks 'forever' https://t.co/PNWzLyUkLM,2018-06-04 19:47:00-05:00,0.5106,0.202,0.0,0.798,29
Fox News,-,"George Papadopoulos' wife Simona Mangiante Papadopoulos: ""I trust and hope and ask to President Trump to pardon him‚Ä¶ https://t.co/6u8I9HA3yX",2018-06-04 19:41:48-05:00,0.8176,0.347,0.0,0.653,30
Fox News,-,"George Papadopoulos' wife Simona Mangiante Papadopoulos on the Mueller probe: ""George never had any interactions wi‚Ä¶ https://t.co/smekicgvJq",2018-06-04 19:36:59-05:00,0.0,0.0,0.0,1.0,31
Fox News,-,"OPINION: Supreme Court's same-sex wedding cake decision -- a significant victory for freedom.
https://t.co/8R4wiYquM0",2018-06-04 19:27:38-05:00,0.8625,0.49,0.0,0.51,32
Fox News,-,"President @realDonaldTrump touted the state of the economy in a tweet today, the 500th day of his presidency.‚Ä¶ https://t.co/BqiDvctVuH",2018-06-04 19:23:04-05:00,-0.0516,0.0,0.066,0.934,33
Fox News,-,"UPDATE: Guatemala volcano eruption kills at least 65, forces thousands to evacuate. https://t.co/bikt71H3Fj",2018-06-04 19:14:00-05:00,-0.5423,0.0,0.226,0.774,34
Fox News,FOX Business,RT @FoxBusiness: The Dow Jones Industrial Average on @POTUS' 500th day in office: https://t.co/P5iBrDaMka https://t.co/D6UgTy1Iw1,2018-06-04 19:11:29-05:00,0.0,0.0,0.0,1.0,35
Fox News,-,".@TuckerCarlson: ""As long as you are useful to the left, nothing you do will be held against you."" #Tucker https://t.co/vRtyyjKzAR",2018-06-04 19:08:53-05:00,0.4404,0.132,0.0,0.868,36
Fox News,-,"""It's shameful to listen to the words that he is speaking today.""

Broward County Deputy Sheriff Jeff Bell reacts t‚Ä¶ https://t.co/pGH6WXkRsc",2018-06-04 19:05:42-05:00,-0.4939,0.0,0.138,0.862,37
Fox News,-,".@VP Pence delivers remarks at a reception for ""Friends of the Organization of American States."" https://t.co/1fjbfK1E1e",2018-06-04 19:03:34-05:00,0.4767,0.181,0.0,0.819,38
Fox News,-,Parkland school resource officer breaks his silence on failing to stop massacre https://t.co/DZaWQKkAG7 https://t.co/zUeTdKHdl6,2018-06-04 19:00:34-05:00,-0.6705,0.0,0.314,0.686,39
Fox News,-,President @realDonaldTrump says Philadelphia @Eagles won't attend @WhiteHouse ceremony amid national anthem dispute https://t.co/QOOUCg68Gd,2018-06-04 18:57:21-05:00,-0.4019,0.0,0.172,0.828,40
Fox News,-,".@benshapiro on #Trump disinviting @Eagles to @WhiteHouse: ""The @POTUS has a habit of saying to people, 'well you c‚Ä¶ https://t.co/0AV8BArw2C",2018-06-04 18:48:15-05:00,0.2732,0.104,0.0,0.896,41
Fox News,-,".@benshapiro: ""[President @realDonaldTrump is] the most conservative president in my lifetime through his first 500‚Ä¶ https://t.co/ReDU9T7qw8",2018-06-04 18:44:52-05:00,0.0,0.0,0.0,1.0,42
Fox News,-,".@benshapiro: ""I would like these kids to stay with the parents, but the easiest way to do that is to change the la‚Ä¶ https://t.co/npPzwy0DQh",2018-06-04 18:41:44-05:00,0.6652,0.199,0.0,0.801,43
Fox News,-,.@SenJeffMerkley denied entrance into detention facility for migrant children #TheStory https://t.co/dCGGUOnYSo https://t.co/dgn3YJCAbq,2018-06-04 18:36:51-05:00,-0.6597,0.0,0.351,0.649,44
Fox News,-,".@Judgenap: ""The @POTUS has much of which to be proud on his 500th day in office, but whether or not he should pard‚Ä¶ https://t.co/cVLYSMXZZI",2018-06-04 18:30:58-05:00,0.2617,0.082,0.0,0.918,45
Fox News,-,"JUST IN: Dwight Clark, former San Francisco @49ers receiver known for 'The Catch,' dies at 61 after ALS battle https://t.co/Rf5vYbw1lC",2018-06-04 18:22:40-05:00,-0.3818,0.0,0.12,0.88,46
Fox News,-,JUST IN: President @realDonaldTrump disinvites Philadelphia @Eagles to the @WhiteHouse https://t.co/qNC5mUi9hf,2018-06-04 18:16:20-05:00,0.0,0.0,0.0,1.0,47
Fox News,-,"David Bossie: ""There's been no evidence whatsoever of any collusion."" #TheStory https://t.co/17NLRBzlD8",2018-06-04 18:11:32-05:00,-0.296,0.0,0.167,0.833,48
Fox News,-,"Lanny Davis: ""President #Clinton apologized to the American people publicly, he apologized to Ms. Lewinsky and her‚Ä¶ https://t.co/qhEH55Pdix",2018-06-04 18:07:00-05:00,0.5574,0.223,0.0,0.777,49
Fox News,-,".@guypbenson on the #SCOTUS ruling: ""I would say [it's] a significant, but relatively narrow and constrained victor‚Ä¶ https://t.co/WMln86VqBG",2018-06-04 17:57:03-05:00,-0.0516,0.078,0.089,0.833,50
Fox News,-,".@theabstoddard on the Mueller probe: ""[@POTUS] is presenting himself as above this investigation."" #TheStory https://t.co/UyhRaYRKhF",2018-06-04 17:52:01-05:00,0.0,0.0,0.0,1.0,51
Fox News,-,Chicago car wash employee allegedly steals woman's vehicle first day on the job. https://t.co/IMwFmc2Xej,2018-06-04 17:41:11-05:00,-0.5106,0.0,0.202,0.798,52
Fox News,-,"JUST IN: Arizona killer identified, may have murdered up to 6 people, police say.  https://t.co/GchZZxNV2Y",2018-06-04 17:33:12-05:00,-0.8658,0.0,0.42,0.58,53
Fox News,-,Beloved Oregon firefighter killed after striking a bear on a highway. https://t.co/k9oz2J0ZyZ,2018-06-04 17:26:04-05:00,-0.296,0.209,0.285,0.506,54
Fox News,-,Former President @GeorgeHWBush has been discharged from the hospital. #SpecialReport https://t.co/SRPyFWWy8c https://t.co/NAfyEWic8b,2018-06-04 17:19:31-05:00,0.0,0.0,0.0,1.0,55
Fox News,-,"Bay Area exodus? Nearly 50 percent of Californians say they want to move out soon, poll finds. https://t.co/Gi57righ1c",2018-06-04 17:12:57-05:00,0.0772,0.071,0.0,0.929,56
Fox News,-,"Lawyer linked to Trump campaign who pleaded guilty in Russia probe released from prison, turned over to ICE. https://t.co/k1rMNk14BT",2018-06-04 17:08:35-05:00,-0.7269,0.0,0.264,0.736,57
Fox News,-,"TOMORROW: Colorado baker Jack Phillips, who refused to make a wedding cake for a same-sex couple, reacts after the‚Ä¶ https://t.co/qmA79qnMrB",2018-06-04 17:03:00-05:00,-0.296,0.0,0.115,0.885,58
Fox News,-,.@kimguilfoyle: ‚ÄúThis is strictly a religious freedom case in terms of applying it specifically to the facts of thi‚Ä¶ https://t.co/b7HbVFei48,2018-06-04 16:55:53-05:00,0.6369,0.189,0.0,0.811,59
Fox News,-,.@JesseBWatters on @FLOTUS: ‚ÄúI‚Äôm sure she wants to come back on her own terms at her own time.‚Äù #TheFive https://t.co/q1orSgNkic,2018-06-04 16:40:00-05:00,0.3182,0.108,0.0,0.892,60
Fox News,-,'What Happens in this Book Could Happen': Author James Patterson on Presidential Thriller Written With Bill Clinton‚Ä¶ https://t.co/ZU57r1YmS2,2018-06-04 16:38:59-05:00,0.1027,0.076,0.0,0.924,61
Fox News,-,".@TheJuanWilliams on @POTUS: ‚ÄúHe‚Äôs not popular with the general populous, but he‚Äôs very popular with Republicans an‚Ä¶ https://t.co/LcsShhypXN",2018-06-04 16:35:00-05:00,-0.5667,0.0,0.226,0.774,62
Fox News,-,Charlie Craig and David Mullins released a statement after the Supreme Court ruled in favor of the Colorado baker w‚Ä¶ https://t.co/rls9IIo1qF,2018-06-04 16:33:17-05:00,0.743,0.259,0.0,0.741,63
Fox News,-,"After handling back-to-back incidents, Captain Chris Blazek of the @ChattFireDept went the extra mile by calming a‚Ä¶ https://t.co/ADMuYkroTa",2018-06-04 16:29:05-05:00,0.4019,0.137,0.0,0.863,64
Fox News,-,"Ron Heck, soybean farmer: ""One out of three rows of soybeans goes to China every year, so it's always a little nerv‚Ä¶ https://t.co/kXs4iBSlTN",2018-06-04 16:19:47-05:00,0.0,0.0,0.0,1.0,65
Fox News,-,".@RepMattGaetz on possibility of @POTUS pardoning himself: ""We can never say 'never' because we don't know what unf‚Ä¶ https://t.co/iTOdCoOAfN",2018-06-04 16:10:49-05:00,0.4019,0.13,0.0,0.87,66
Fox News,-,"Jeremy Tedesco, baker's attorney: ""Jack has every intention of getting back into doing the art that he loves the mo‚Ä¶ https://t.co/HIGhDpmnid",2018-06-04 16:05:33-05:00,0.5719,0.156,0.0,0.844,67
Fox News,-,"Jeremy Tedesco, baker's attorney: ""Make no mistake, this is an important ruling that reaffirms that principle that‚Ä¶ https://t.co/6J3B7wCA6u",2018-06-04 15:59:23-05:00,-0.4215,0.084,0.215,0.701,68
Fox News,-,"Jeremy Tedesco, baker's attorney: ""Jack Phillips won and he won in a way that reaffirmed the idea that government h‚Ä¶ https://t.co/KbnKNMSgPg",2018-06-04 15:49:54-05:00,0.8126,0.291,0.0,0.709,69
Fox News,-,"TONIGHT, 9p ET: It's a Powerful 'Hannity' With Guests @marklevinshow &amp; @PressSec Sarah Sanders https://t.co/eG2K9dVAkc",2018-06-04 15:45:00-05:00,0.4215,0.177,0.0,0.823,70
Fox News,FOX Business,RT @FoxBusiness: #BreakingNews: @Starbucks Executive Chairman Howard Schultz is stepping down. https://t.co/GIutrPP2gT,2018-06-04 15:40:34-05:00,0.0,0.0,0.0,1.0,71
Fox News,-,'This Could Be a Race': @ChrisStirewalt on Whether NJ Dem @SenatorMenendez Is More Vulnerable Than Expected‚Ä¶ https://t.co/1Hg80HVdiw,2018-06-04 15:34:44-05:00,-0.2944,0.0,0.128,0.872,72
Fox News,-,UK teen in all-female Islamic State cell convicted of plotting museum attack. https://t.co/NiODCjrFws,2018-06-04 15:22:23-05:00,-0.4767,0.0,0.205,0.795,73
Fox News,-,".@KellyannePolls: ‚ÄúThe last president was given the Nobel Peace Prize, this president may actually earn it.‚Äù‚Ä¶ https://t.co/fYiMiOQArD",2018-06-04 15:09:51-05:00,0.7783,0.312,0.0,0.688,74
Fox News,-,"4 climbers, including 2 Boy Scouts, found alive after going missing while hiking Mount Baker in Washington. https://t.co/qDv2aju13P",2018-06-04 14:58:12-05:00,0.1027,0.138,0.117,0.745,75
Fox News,-,"Guatemala police officer captures the moment the 'Volcano of Fire' erupts, engulfing streets in ash. https://t.co/ibJ8O3CLoJ",2018-06-04 14:50:45-05:00,-0.34,0.0,0.138,0.862,76
Fox News,-,"Several people shot at a Texas football game, police say. https://t.co/5n2Lh64UUl",2018-06-04 14:44:21-05:00,0.0,0.0,0.0,1.0,77
Fox News,-,A fawn gets a new lease on life thanks to three men who pulled it out of a sewer in New York. https://t.co/ktCJBsmEtA,2018-06-04 14:37:18-05:00,0.4404,0.132,0.0,0.868,78
Fox News,-,Ex-Navy sailor pardoned by @POTUS says he's suing @Comey and @BarackObama. https://t.co/ESWGLNciyu,2018-06-04 14:29:28-05:00,-0.0516,0.136,0.15,0.714,79
Fox News,-,"UPDATE: Guatemala volcano eruption kills at least 62, forces thousands to evacuate. https://t.co/cP8hTuDvwH",2018-06-04 14:20:10-05:00,-0.5423,0.0,0.226,0.774,80
Fox News,-,"Arizona suspect linked to 4 recent shooting deaths found dead in hotel room, police say. https://t.co/sSyvhtQl08",2018-06-04 14:15:08-05:00,-0.7579,0.0,0.333,0.667,81
Fox News,-,".@PressSec on tariffs: ""The president feels very confident in his decision and will continue to make sure that the‚Ä¶ https://t.co/oZ4c3t4sdu",2018-06-04 14:09:52-05:00,0.6997,0.243,0.0,0.757,82
Fox News,-,".@PressSec on pardons: ""The president looks at each case individually to see if something wrong has been done, or w‚Ä¶ https://t.co/4kgw5voFYX",2018-06-04 14:05:26-05:00,-0.2263,0.091,0.128,0.782,83
Fox News,-,".@PressSec: ""The president feels strongly that the steel and aluminum industries are critical to our national secur‚Ä¶ https://t.co/CUOP15qhMA",2018-06-04 13:58:43-05:00,-0.0516,0.103,0.113,0.784,84
Fox News,-,"@PressSec on diplomatic talks with North Korea: ""They've been positive and we're looking forward to the meeting in‚Ä¶ https://t.co/RtdqdMuIu4",2018-06-04 13:53:12-05:00,0.5574,0.167,0.0,0.833,85
Fox News,-,".@PressSec: ""Thankfully the president hasn't done anything wrong and wouldn't have any need for a pardon.""‚Ä¶ https://t.co/ocKZV4Gcaz",2018-06-04 13:48:10-05:00,0.6546,0.277,0.0,0.723,86
Fox News,-,.@PressSec Sarah Sanders holds a @WhiteHouse press briefing  https://t.co/hsasGriizq,2018-06-04 13:42:29-05:00,0.0,0.0,0.0,1.0,87
Fox News,-,"Boy, 11, fights off man who attempted to steal father's car in Connecticut, police say. https://t.co/exkUHaXtME",2018-06-04 13:40:55-05:00,-0.7096,0.0,0.296,0.704,88
Fox News,-,OPINION: Supreme Court's same-sex wedding cake decision -- a significant victory for freedom https://t.co/JfsmJ3sXIf,2018-06-04 13:35:30-05:00,0.8625,0.49,0.0,0.51,89
Fox News,-,"Wedding crasher steals gift envelopes intended for bride and groom, disappears https://t.co/RCDuOZsPwS",2018-06-04 13:25:31-05:00,-0.4215,0.165,0.324,0.511,90
Fox News,-,"VIDEO: Guatemala police officer captures moment 'Volcano of Fire' erupts, engulfing streets in ash https://t.co/TZB5LdRiNs",2018-06-04 13:17:04-05:00,-0.34,0.0,0.146,0.854,91
Fox News,-,States holding primaries Tuesday @dailybriefing https://t.co/UOKZthlCbB,2018-06-04 13:15:24-05:00,0.0,0.0,0.0,1.0,92
Fox News,-,Awaiting: @WhiteHouse press briefing https://t.co/CUJkBRNYaB,2018-06-04 13:02:57-05:00,0.0,0.0,0.0,1.0,93
Fox News,-,TONIGHT: @PressSec Sarah Sanders and @MarkLevinShow join @SeanHannity at 9p ET. Tune in! https://t.co/M6Imq8qQGm https://t.co/Svn4SxQYGE,2018-06-04 12:59:00-05:00,0.3595,0.151,0.0,0.849,94
Fox News,-,Saudi Arabia issues first driving licenses to 10 women https://t.co/boyLJt5tXO (via @christocarbone),2018-06-04 12:55:00-05:00,0.0,0.0,0.0,1.0,95
Fox News,-,An asteroid turned into a blazing fireball over Africa last weekend https://t.co/SI8vFB3h4U,2018-06-04 12:40:36-05:00,0.0,0.0,0.0,1.0,96
Fox News,-,George H.W. Bush discharged from hospital https://t.co/NuY9OaQTZW,2018-06-04 12:25:19-05:00,0.0,0.0,0.0,1.0,97
Fox News,-,"Rep. @davidcicilline: ‚ÄúThe American people are entitled to know the truth, let the investigation continue. Mr. Muel‚Ä¶ https://t.co/oQprGX7bC0",2018-06-04 12:18:20-05:00,0.5267,0.216,0.0,0.784,98
Fox News,-,".@RepAndyBiggsAZ: ‚ÄúI think that there‚Äôs a Constitutional authority for the President to pardon himself, I think it‚Ä¶ https://t.co/sVCyBqmyQz",2018-06-04 12:10:55-05:00,0.3818,0.205,0.0,0.795,99
Fox News,-,Iraq War vet saves Wyoming trooper from man who was attacking him on highway https://t.co/b9ahOPWgf8,2018-06-04 11:59:07-05:00,-0.7845,0.0,0.347,0.653,100
The New York Times,-,"Latinos make up 34% of California‚Äôs adult population, but they account for just 18% of likely voters. Democrats hop‚Ä¶ https://t.co/60JlXxZH7Y",2018-06-04 21:15:08-05:00,0.0,0.0,0.0,1.0,1
The New York Times,-,"Nearly 3 in 4 adults say teachers‚Äô salaries are too low ‚Äî a sentiment that crosses party lines, even if raises mean‚Ä¶ https://t.co/C91YoTyFQU",2018-06-04 21:02:05-05:00,0.1531,0.124,0.096,0.78,2
The New York Times,Katie Rogers,RT @katierogers: The East Wing has made it pretty clear how the First Lady feels: ‚ÄúMrs. Trump has always been a strong and independent woma‚Ä¶,2018-06-04 20:47:06-05:00,0.8442,0.302,0.0,0.698,3
The New York Times,-,Saudi Arabia issued its first drivers licenses to first 10 women as lifting of long standing ban approaches https://t.co/x5tvdtgeMg,2018-06-04 20:32:06-05:00,-0.5574,0.0,0.167,0.833,4
The New York Times,-,"In court documents, prosecutors working for the special counsel, Robert Mueller, said that Manafort tried to contac‚Ä¶ https://t.co/IpXJ8IkOfk",2018-06-04 20:17:00-05:00,0.4019,0.137,0.0,0.863,5
The New York Times,-,"Breaking News: Paul Manafort, President Trump's former campaign chairman, tried to tamper with witnesses in the cas‚Ä¶ https://t.co/s1IyXFbx8c",2018-06-04 20:05:10-05:00,0.0,0.0,0.0,1.0,6
The New York Times,-,Evening Briefing: Here's what you need to know at the end of the day https://t.co/eMGjN4rIZ0,2018-06-04 20:02:03-05:00,0.0,0.0,0.0,1.0,7
The New York Times,Michael Cooper,"RT @coopnytimes: The @DallasSymphony will commission 20 new works over the course of a decade, at least half from women, Fabio Luisi, its n‚Ä¶",2018-06-04 19:47:06-05:00,0.0,0.0,0.0,1.0,8
The New York Times,-,Howard Schultz is stepping away from Starbucks and ending a storied run that took the coffee chain from a handful o‚Ä¶ https://t.co/eIyvOFdv7W,2018-06-04 19:32:05-05:00,0.0,0.0,0.0,1.0,9
The New York Times,-,"Chile will become the first nation in the Americas to ban retail businesses from using plastic bags, an initiative‚Ä¶ https://t.co/e35brq0Ug5",2018-06-04 19:17:02-05:00,-0.5574,0.0,0.159,0.841,10
The New York Times,-,The 25 best American plays of the last 25 years https://t.co/pr6QSV042T https://t.co/5UJnYKoPvu,2018-06-04 19:03:05-05:00,0.7351,0.383,0.0,0.617,11
The New York Times,NYT Sports,"RT @NYTSports: Eagles owner Jeffrey Lurie called Trump's presidency ""disastrous"" at an NFL meeting last fall: https://t.co/BcErB2TQIx",2018-06-04 18:53:03-05:00,0.0,0.0,0.0,1.0,12
The New York Times,-,"President Trump appears to have disinvited the Super Bowl-champion Philadelphia Eagles, who were scheduled to visit‚Ä¶ https://t.co/trVnLRJ9jw",2018-06-04 18:47:01-05:00,0.5994,0.196,0.0,0.804,13
The New York Times,NYT Sports,RT @NYTSports: President Trump seems to have disinvited the Eagles from their White House visit tomorrow: https://t.co/MaqNqsgwOT,2018-06-04 18:36:01-05:00,0.0,0.0,0.0,1.0,14
The New York Times,-,President Trump's team repeatedly pushed a false story line to deflect questions about a meeting with a Kremlin-tie‚Ä¶ https://t.co/BlCGVF7IAS,2018-06-04 18:32:03-05:00,0.0,0.0,0.0,1.0,15
The New York Times,NYT Graphics,"RT @nytgraphics: The numbers that explain why teachers are in revolt:
https://t.co/H4M7aGkFLJ https://t.co/HWGrNHYXYq",2018-06-04 18:17:06-05:00,0.0,0.0,0.0,1.0,16
The New York Times,-,The whale washed ashore with nearly 18 pounds of plastic in its stomach. Veterinarians had tried to save its life a‚Ä¶ https://t.co/SvSk9YTKQN,2018-06-04 18:02:04-05:00,0.4939,0.132,0.0,0.868,17
The New York Times,-,Evening Briefing: Here's what you need to know at the end of the day https://t.co/uYW9A7wjuv,2018-06-04 17:47:06-05:00,0.0,0.0,0.0,1.0,18
The New York Times,-,"Howard Schultz took Starbucks from a few stores in the 1980s to 28,000 today. It wasn't always smooth sailing. Here‚Ä¶ https://t.co/ZsR2F5K3cL",2018-06-04 17:32:06-05:00,0.0,0.0,0.0,1.0,19
The New York Times,-,Will Democrats be able to flip several House seats in California? Follow updates about Tuesday's primary election. https://t.co/PKp4GuseC0,2018-06-04 17:15:09-05:00,0.0,0.0,0.0,1.0,20
The New York Times,-,"On Broadway, they‚Äôre the Plastics. During their real-life high school years, not so much. https://t.co/gFpz40AH37",2018-06-04 17:02:06-05:00,0.0,0.0,0.0,1.0,21
The New York Times,NYT Opinion,"RT @nytopinion: Get arguments and opinions on the social, political and economic issues around the World Cup, for football buffs and fair-w‚Ä¶",2018-06-04 16:47:05-05:00,-0.4019,0.0,0.114,0.886,22
The New York Times,-,"The Supreme Court sided with a Colorado baker, voting 7 to 2 in a closely watched case pitting gay rights against c‚Ä¶ https://t.co/97fxrj0FlY",2018-06-04 16:32:05-05:00,0.5574,0.167,0.0,0.833,23
The New York Times,New York Times Video,RT @nytvideo: ‚ÄúWe were suffocating.‚Äù Volc√°n del Fuego‚Äôs eruption in Guatemala has killed dozens of people. This is how survivors say they e‚Ä¶,2018-06-04 16:20:05-05:00,-0.6705,0.0,0.17,0.83,24
The New York Times,-,"The Koch brothers have long supported Republican candidates and causes, but have increasingly found themselves at o‚Ä¶ https://t.co/fzGpSkZUsg",2018-06-04 16:10:06-05:00,0.1655,0.088,0.0,0.912,25
The New York Times,-,"""It took me 5 months to find out how many times my son was shot.""

A Baltimore teenager was fatally shot by a polic‚Ä¶ https://t.co/On74QmUSDz",2018-06-04 16:00:07-05:00,-0.6369,0.0,0.167,0.833,26
The New York Times,Jennifer Medina,RT @jennymedina: NYT reporters are all over California to report on the June 5 primary. I'm in the 48th district in the heart of Orange Cou‚Ä¶,2018-06-04 15:50:03-05:00,0.0,0.0,0.0,1.0,27
The New York Times,-,Howard Schultz is stepping away from Starbucks. The move is likely to stoke speculation of a push into politics. He‚Ä¶ https://t.co/Yz8LF2Lmq6,2018-06-04 15:36:03-05:00,0.0,0.0,0.0,1.0,28
The New York Times,Andrew Ross Sorkin,RT @andrewrsorkin: Breaking News: Howard Schultz will leave @Starbucks at end of month. End of era. Says he will consider ‚Äúpublic service‚Äù‚Ä¶,2018-06-04 15:31:08-05:00,-0.0516,0.0,0.054,0.946,29
The New York Times,Michael Tackett,"RT @tackettdc: Senior EPA official ""acted essentially as the personal assistant to"" Scott Pruitt, helping him hunt for an apartment, travel‚Ä¶",2018-06-04 15:20:05-05:00,0.296,0.099,0.0,0.901,30
The New York Times,-,"In Orange County, California, Democrats are counting on immigrants to help the party pull off, if not quite a blue‚Ä¶ https://t.co/FWt0QHx0QS",2018-06-04 15:10:02-05:00,0.6597,0.231,0.0,0.769,31
The New York Times,-,He was cheered at his graduation for quoting a speech by President Trump. Then he revealed who actually said it: Ba‚Ä¶ https://t.co/NFT3EuP6ND,2018-06-04 15:00:12-05:00,0.5106,0.142,0.0,0.858,32
The New York Times,Chris Buckley ÂÇ®Áôæ‰∫Æ,"RT @ChuBailiang: ‚ÄúNo one said to shoot, but it was, like, ‚ÄòWe‚Äôre going to teach them a lesson,‚Äô and then those soldiers unleashed their fur‚Ä¶",2018-06-04 14:50:04-05:00,0.3716,0.121,0.063,0.816,33
The New York Times,-,Volkswagen is abandoning animal testing after being criticized for subjecting monkeys to diesel exhaust fumes https://t.co/a4BLyXl0tT,2018-06-04 14:40:02-05:00,-0.7506,0.0,0.412,0.588,34
The New York Times,Michael M. Grynbaum,"RT @grynbaum: Here's my profile of Seymour Hersh, whose caustic &amp; revealing memoir of a life in journalism is out tomorrow. https://t.co/MV‚Ä¶",2018-06-04 14:30:16-05:00,0.0,0.0,0.0,1.0,35
The New York Times,-,President Trump said he had the power to pardon himself. It's a sign that he could take extreme action to shield hi‚Ä¶ https://t.co/fhKascGIyQ,2018-06-04 14:20:04-05:00,0.3182,0.099,0.0,0.901,36
The New York Times,Sydney Ember,"RT @melbournecoal: NYT reporters are all over CA today, the last day before the primary, bringing you updates from competitive districts ac‚Ä¶",2018-06-04 14:10:05-05:00,0.1779,0.075,0.0,0.925,37
The New York Times,-,The ideal subjects for a salt study? Maybe prisoners. https://t.co/Nnl47MW5TO https://t.co/9ZbOz4Wjhp,2018-06-04 14:00:10-05:00,0.0258,0.231,0.224,0.544,38
The New York Times,The Upshot,RT @UpshotNYT: More experts joined the conversation on the great medical mystery of the 1980s: why health costs began skyrocketing compared‚Ä¶,2018-06-04 13:50:06-05:00,0.6249,0.17,0.0,0.83,39
The New York Times,-,"Dolly Parton: ""I am thrilled to be bringing some of my favorite songs to life with Netflix"" https://t.co/vWGI3VGlmS",2018-06-04 13:40:07-05:00,0.7096,0.269,0.0,0.731,40
The New York Times,-,"The suspect wanted in the killing of 4 people in Arizona, including a psychiatrist in the JonBenet Ramsey investiga‚Ä¶ https://t.co/fSqDGvR8ym",2018-06-04 13:31:03-05:00,-0.765,0.0,0.292,0.708,41
The New York Times,Elizabeth Dias,"RT @elizabethjdias: Today I'm spending the day with @TJCoxCongress, the Democrat who is challenging Republican incumbent @dgvaladao in the‚Ä¶",2018-06-04 13:20:06-05:00,0.1531,0.082,0.0,0.918,42
The New York Times,-,The U.S. ambassador to Germany said that he wanted to empower conservative leaders in Europe who dared to challenge‚Ä¶ https://t.co/l4dqfFpYsA,2018-06-04 13:10:08-05:00,0.0,0.0,0.0,1.0,43
The New York Times,Sabrina Tavernise,RT @stavernise: Please listen to our story of one family in Baltimore and their search for answers about the death of their son. https://t.‚Ä¶,2018-06-04 13:00:05-05:00,-0.3818,0.082,0.138,0.78,44
The New York Times,-,The Supreme Court turned away a request from the Justice Department to discipline lawyers with the ACLU for assisti‚Ä¶ https://t.co/3AYiFqXoxy,2018-06-04 12:50:05-05:00,0.7906,0.292,0.0,0.708,45
The New York Times,-,Facebook tried to rein in fake ads. It fell short in a California race. https://t.co/TEOBeVOBy1 https://t.co/K8LViRmq6o,2018-06-04 12:40:10-05:00,-0.4767,0.0,0.181,0.819,46
The New York Times,Zachary Woolfe,"RT @zwoolfe: Michael Hersch turns his cancer-stricken friend's emails into music (""with absolute brutality"") https://t.co/GO1tupM6Oa https:‚Ä¶",2018-06-04 12:30:05-05:00,0.0,0.0,0.0,1.0,47
The New York Times,-,‚ÄúI wasn‚Äôt happy because he just got a new bat last year. I really thought he was set for a while.‚Äù https://t.co/smQ1gLXh7p,2018-06-04 12:20:10-05:00,0.5719,0.171,0.0,0.829,48
The New York Times,-,‚òÄÔ∏è+ üçù= üíØhttps://t.co/7iVYOLtHYk,2018-06-04 12:10:06-05:00,0.0,0.0,0.0,1.0,49
The New York Times,Internet Person‚Ñ¢‚≠êÔ∏è,RT @TimHerrera: Ever spent an agonizing amount of time on a relatively simple decision? This will help make it easier https://t.co/5ZABBdCT‚Ä¶,2018-06-04 12:00:07-05:00,0.2023,0.21,0.141,0.649,50
The New York Times,-,Stay up to date with news about California in our California Today newsletter. Sign up here. https://t.co/afialtICQZ,2018-06-04 11:56:20-05:00,0.0,0.0,0.0,1.0,51
The New York Times,-,"While Democrats have spent millions trying to seize Republican seats in California in the midterms, voters in the C‚Ä¶ https://t.co/qKvQDuVO5s",2018-06-04 11:55:40-05:00,0.0,0.0,0.0,1.0,52
The New York Times,-,"There's an evangelical fight to win back California. Franklin Graham, son of Billy Graham, is urging evangelicals t‚Ä¶ https://t.co/lKExoakYbR",2018-06-04 11:53:16-05:00,0.296,0.162,0.111,0.726,53
The New York Times,-,"With so many Democrats running in California congressional races, the party is worried that the vote will be splint‚Ä¶ https://t.co/bsch6Gg1WU",2018-06-04 11:50:05-05:00,0.128,0.118,0.096,0.786,54
The New York Times,-,California Republicans are worried they may have no candidates for governor or U.S. senator on the state's ballot i‚Ä¶ https://t.co/mIloDF2eYq,2018-06-04 11:45:04-05:00,-0.5267,0.0,0.196,0.804,55
The New York Times,-,"California's primary on Tuesday has high stakes for both parties. But Democrats and Republicans are worried, mostly‚Ä¶ https://t.co/IFrTAsB31t",2018-06-04 11:40:15-05:00,-0.2382,0.09,0.136,0.775,56
The New York Times,-,California is offering some of the biggest opportunities for Democrats to take back the House. Here's a look at wha‚Ä¶ https://t.co/JHYxKwirjS,2018-06-04 11:35:05-05:00,0.3818,0.12,0.0,0.88,57
The New York Times,-,Apple kicks off its annual conference for developers on Monday at 10 a.m. Pacific time. Here‚Äôs what to expect. https://t.co/FR5lzhfVdb,2018-06-04 11:30:09-05:00,0.0,0.0,0.0,1.0,58
The New York Times,-,Patricia Oliver received her son's diploma while wearing a yellow shirt with 5 words on the front: This should be m‚Ä¶ https://t.co/XVAIUhYvQN,2018-06-04 11:20:02-05:00,0.0,0.0,0.0,1.0,59
The New York Times,-,"A senior aide to Scott Pruitt worked unpaid to find him housing, book his personal travel to the Rose Bowl and try‚Ä¶ https://t.co/SxQDYaJku6",2018-06-04 11:10:05-05:00,0.0,0.0,0.0,1.0,60
The New York Times,Michael Paulson,"RT @MichaelPaulson: Four years ago, I went to Colorado to write about the baker who turned away a gay couple. Today, he won his case at the‚Ä¶",2018-06-04 11:00:06-05:00,0.5719,0.134,0.0,0.866,61
The New York Times,-,Bill Clinton says he never privately apologized to Monica Lewinsky and doesn't feel that he needs to https://t.co/gkhn4tBjsT,2018-06-04 10:50:02-05:00,-0.2411,0.0,0.103,0.897,62
The New York Times,-,American Special Operations forces are likely to be sharply cut in Africa as a result of a new Pentagon strategy th‚Ä¶ https://t.co/14XsS7toDL,2018-06-04 10:40:10-05:00,0.1531,0.118,0.092,0.789,63
The New York Times,-,"""It was a despicable display of sexism and grave abuse of authority."" Critics accused Rodrigo Duterte of abusing hi‚Ä¶ https://t.co/nPtUHAJCtA",2018-06-04 10:30:07-05:00,-0.9217,0.0,0.504,0.496,64
The New York Times,Katie Thomas,"RT @katie_thomas: ‚ÄúUnlike EpiPen, women are not going to be rising up and saying, ‚ÄòMy vagina is dry and I don‚Äôt want to pay 2,000 to 3,000‚Ä¶",2018-06-04 10:20:02-05:00,-0.0258,0.049,0.052,0.899,65
The New York Times,-,Microsoft has transformed itself into a key player in cloud computing. The company's $7.5 billion purchase of GitHu‚Ä¶ https://t.co/0lWUsfsc8o,2018-06-04 10:10:07-05:00,0.0,0.0,0.0,1.0,66
The New York Times,Nick Confessore,RT @nickconfessore: ‚Äî&gt; New blog post from @facebook exec challenging aspects of our story today. We disagree but worth reading to understan‚Ä¶,2018-06-04 10:00:13-05:00,0.2144,0.149,0.074,0.777,67
The New York Times,-,"""When you're not sitting across from someone, you're sitting across from the world."" The joys of a table for one in‚Ä¶ https://t.co/j1Gpb8F0RR",2018-06-04 09:40:06-05:00,0.4939,0.138,0.0,0.862,68
The New York Times,-,"Breaking News: The Supreme Court sided with a Colorado baker, voting 7 to 2 in a closely watched case pitting gay r‚Ä¶ https://t.co/R5MFtMr2lR",2018-06-04 09:35:55-05:00,0.5574,0.167,0.0,0.833,69
The New York Times,-,Video: Antarctic sea spiders have no lungs or gills. Here's how they breathe. https://t.co/h3Fh9evdd6,2018-06-04 09:30:07-05:00,-0.296,0.0,0.145,0.855,70
The New York Times,-,"Serena Williams: ""I gave up so much, from the time with my daughter and time with my family. I put everything on th‚Ä¶ https://t.co/rzsDznp7aq",2018-06-04 09:14:00-05:00,0.0,0.0,0.0,1.0,71
The New York Times,-,"Democrats hope an Asian influx will help turn Orange County, California, blue https://t.co/buj8ogiAiA",2018-06-04 09:05:04-05:00,0.6808,0.337,0.0,0.663,72
The New York Times,gabriel dance,"RT @gabrieldance: for our story today on facebook‚Äôs data-sharing partnerships with device makers such as BlackBerry, Apple, Samsung, Amazon‚Ä¶",2018-06-04 08:51:36-05:00,0.0,0.0,0.0,1.0,73
The New York Times,-,"Serena Williams is out of the French Open. No, she didn't lose to Maria Sharapova. She has an injury.  https://t.co/zWjiDjuBMm",2018-06-04 08:51:05-05:00,-0.4102,0.093,0.206,0.701,74
The New York Times,-,"""We got him,"" the officer says on the video, which has been viewed more than 100,000 times on Facebook https://t.co/D3J6bLwKp1",2018-06-04 08:43:04-05:00,0.0,0.0,0.0,1.0,75
The New York Times,-,Steven Mnuchin has so far managed to stay in President Trump's good graces while advocating a more free-trade appro‚Ä¶ https://t.co/Omfw2WJ5Bn,2018-06-04 08:30:08-05:00,0.6705,0.244,0.0,0.756,76
The New York Times,-,Breaking News: President Trump said he had the power to pardon himself. It's a sign that he could take extreme acti‚Ä¶ https://t.co/Zyta34EJ9J,2018-06-04 08:29:20-05:00,0.3182,0.103,0.0,0.897,77
The New York Times,-,The whale washed ashore with nearly 18 pounds of plastic in its stomach. Veterinarians had tried to save its life a‚Ä¶ https://t.co/ytqVTYrvcR,2018-06-04 08:28:04-05:00,0.4939,0.132,0.0,0.868,78
The New York Times,-,"Bashar al-Assad plans to visit Kim Jong-un, North Korea's state-run news media said  https://t.co/qbbFm3mISp",2018-06-04 08:16:03-05:00,0.0,0.0,0.0,1.0,79
The New York Times,-,Morning¬†Briefing: Here's what you need to know to start your day https://t.co/QfTxN7srSH https://t.co/cGK8aTJAio,2018-06-04 08:00:15-05:00,0.0,0.0,0.0,1.0,80
The New York Times,-,"A volcano erupted near Guatemala's capital, killing at least 25 people and leaving many more missing https://t.co/hAHd5ezl2m",2018-06-04 07:45:09-05:00,-0.7841,0.0,0.33,0.67,81
The New York Times,-,"Nearly 50 years after it was stolen, possible evidence suggests that Caravaggio's ""Nativity"" may have been cut up a‚Ä¶ https://t.co/oqoLmGZLRR",2018-06-04 07:15:04-05:00,-0.6486,0.0,0.227,0.773,82
The New York Times,-,"The London police have blamed a bleak rap genre, drill, for a rise in violence. They've gotten YouTube to take down‚Ä¶ https://t.co/4Sdt0jDDCg",2018-06-04 07:10:07-05:00,-0.802,0.0,0.286,0.714,83
The New York Times,-,"Your daily @DealBook Briefing:

‚Ä¢ Facebook gave hardware firms deep access to your information.

‚Ä¢ A trade war coul‚Ä¶ https://t.co/HgNljbqfsj",2018-06-04 07:00:08-05:00,-0.5994,0.0,0.196,0.804,84
The New York Times,-,"A rare, brain-damaging virus that experts consider a possible epidemic threat has broken out in the state of Kerala‚Ä¶ https://t.co/IpZI8f16bK",2018-06-04 06:44:05-05:00,-0.7579,0.0,0.289,0.711,85
The New York Times,-,"A suicide bomber targeted a gathering of Afghan religious scholars who were meeting to condemn such attacks, killin‚Ä¶ https://t.co/1nWpleqDlA",2018-06-04 06:31:06-05:00,-0.875,0.0,0.417,0.583,86
The New York Times,-,"A year after the killing of Freddie Gray, a teenager in Baltimore was fatally shot by the police. This is the story‚Ä¶ https://t.co/pYDNFpT6sz",2018-06-04 06:14:03-05:00,-0.8625,0.0,0.312,0.688,87
The New York Times,-,"""Westworld"" has been pushing its viewers to the edge of comprehension and beyond this season, our critic writes https://t.co/7cEJIml33w",2018-06-04 06:00:07-05:00,-0.2732,0.0,0.104,0.896,88
The New York Times,-,"The French interior minister called her appearance ""shocking."" The minister of gender equality said she exhibited a‚Ä¶ https://t.co/M7G1ZIZdMm",2018-06-04 05:43:04-05:00,0.0,0.0,0.0,1.0,89
The New York Times,-,"Voters in Slovenia gave victory to a populist party, in elections that tilted another European country to the right https://t.co/XLY7jx8hq6",2018-06-04 05:31:03-05:00,0.4019,0.13,0.0,0.87,90
The New York Times,-,"Razan al-Najjar was trying to help an injured protester when she was fatally shot by Israeli soldiers, witnesses sa‚Ä¶ https://t.co/5YUJZqNwj4",2018-06-04 05:17:03-05:00,-0.6369,0.102,0.259,0.639,91
The New York Times,-,Morning¬†Briefing: Here's what you need to know to start your day https://t.co/DQgjrWZF5x https://t.co/iBuWjefV0u,2018-06-04 05:00:06-05:00,0.0,0.0,0.0,1.0,92
The New York Times,-,Many women with early-stage breast cancer who would receive chemotherapy under current standards do not actually ne‚Ä¶ https://t.co/d61bmeODHK,2018-06-04 04:45:08-05:00,-0.6597,0.0,0.206,0.794,93
The New York Times,-,"An Australian politician's partner says his party urged her to have abortion. ""They said, 'If you don't, they're go‚Ä¶ https://t.co/rgF9LudClx",2018-06-04 04:30:03-05:00,0.4019,0.124,0.0,0.876,94
The New York Times,-,"""You're not going to be able to read"" his next book, Michael Lewis said. ""You're only going to be able to listen to‚Ä¶ https://t.co/b8p2VMwW1j",2018-06-04 04:15:05-05:00,0.0,0.0,0.0,1.0,95
The New York Times,-,"""They tried to hit him but he defended himself and pushed them away. He wasn't injured. Then I think they also reco‚Ä¶ https://t.co/ObtN9519mZ",2018-06-04 04:00:04-05:00,0.438,0.121,0.0,0.879,96
The New York Times,-,"""If it was 5,000 dogs, there would be outrage. If it was 5,000 blonde-haired, blue-eyed women, there would be outra‚Ä¶ https://t.co/MWFMVmPCRG",2018-06-04 03:44:03-05:00,-0.5106,0.0,0.142,0.858,97
The New York Times,-,"""Until now they don't understand they can't walk. They don't want to talk about it."" https://t.co/svLZnypLc7",2018-06-04 03:29:05-05:00,-0.0572,0.0,0.075,0.925,98
The New York Times,-,"Facebook let Apple, Samsung and other device makers tap into the data of users and their friends, raising new conce‚Ä¶ https://t.co/rK744yDfxC",2018-06-04 03:16:05-05:00,0.4767,0.134,0.0,0.866,99
The New York Times,-,How to finally just make a decision https://t.co/9A2rFVt49h,2018-06-04 03:00:09-05:00,0.0,0.0,0.0,1.0,100
